side,signal_time,entry_time,entry_price,sl,tp,lots,oz,risk_usd,commission_usd,spread_cost_usd,slippage_cost_usd,tp2,tp1_oz,tp1_filled,partial_pnl_usd,swap_usd,rollovers,exit_time,exit_price,exit_reason,ambiguous,pnl_usd,r_multiple
1,2017-01-17 09:30:00,2017-01-17 10:00:00,1214.898,1209.2981,1226.0977999999998,0.08,0.08,0.44799199999999473,0.0,0.0128,0.0016,1237.2975999999996,0.04,False,0.0,-0.043120000000000006,1,2017-01-18 13:00:00,1211.951,news_close,False,-0.27887999999999113,-0.622511116269921
-1,2017-01-26 15:30:00,2017-01-26 15:45:00,1186.758,1191.6312428571428,1181.2442428571428,0.1,0.1,0.4873242857142714,0.0,0.016,0.002,1175.7304857142856,0.05,False,0.0,0.0,1,2017-01-27 13:00:00,1182.462,news_close,False,0.4296000000000049,0.881548514189766
1,2017-02-08 12:30:00,2017-02-08 13:45:00,1238.348,1234.7211285714286,1245.6017428571427,0.13,0.13,0.47149328571427535,0.0,0.020800000000000003,0.0026000000000000003,1252.8554857142854,0.06,False,0.0,0.0,0,2017-02-08 15:00:00,1242.272,news_close,False,0.5101199999999971,1.08192420858593
1,2017-02-16 14:45:00,2017-02-16 15:30:00,1239.319,1235.5488785714285,1244.2448785714287,0.13,0.13,0.4901157857142857,0.0,0.020800000000000003,0.012999999999988177,1249.1707571428574,0.06,False,0.0,-0.07007000000000001,1,2017-02-17 19:45:00,1235.4488785714286,sl,False,-0.5731857857142739,-1.1694905620697842
1,2017-02-24 07:15:00,2017-02-24 07:30:00,1253.818,1249.3405785714285,1262.772842857143,0.11,0.11,0.4925163571428607,0.0,0.0176,0.0022,1271.7276857142858,0.05,False,0.0,0.0,0,2017-02-24 14:30:00,1257.188,news_close,False,0.370700000000013,0.7526653574522536
1,2017-04-17 09:00:00,2017-04-17 09:45:00,1289.699,1286.5945428571429,1295.3385428571428,0.16,0.16,0.496713142857152,0.0,0.0256,0.01599999999998545,1300.9780857142855,0.08,False,0.0,0.0,0,2017-04-17 11:45:00,1286.494542857143,sl,False,-0.5127131428571374,-1.0322117508466788
-1,2017-09-05 11:15:00,2017-09-05 11:30:00,1329.338,1334.1357357142856,1319.7425285714287,0.1,0.1,0.47977357142856364,0.0,0.016,0.009999999999990905,1310.1470571428574,0.05,False,0.0,0.0,0,2017-09-05 13:30:00,1334.2357357142855,sl,False,-0.48977357142855454,-1.0208431656004209
1,2017-09-08 10:15:00,2017-09-08 10:30:00,1354.059,1350.370792857143,1361.435414285714,0.13,0.13,0.4794669285714076,0.0,0.020800000000000003,0.012999999999988177,1368.811828571428,0.06,False,0.0,0.0,0,2017-09-08 12:15:00,1350.270792857143,sl,False,-0.4924669285713958,-1.0271134445888108
-1,2018-01-26 14:00:00,2018-01-26 14:15:00,1349.888,1355.491142857143,1342.893142857143,0.08,0.08,0.44825142857143874,0.0,0.0128,0.0008,1335.898285714286,0.04,True,0.2797942857142789,0.0,2,2018-01-29 13:00:00,1343.432,news_close,False,0.538034285714275,1.2002957523838151
1,2019-08-05 10:30:00,2019-08-05 10:45:00,1458.968,1455.6259571428573,1465.6520857142857,0.14,0.14,0.4678859999999941,0.0,0.022400000000000003,0.0028000000000000004,1472.3361714285713,0.07,False,0.0,0.0,0,2019-08-05 13:15:00,1462.775,news_close,False,0.5329800000000023,1.1391236326797747
1,2019-08-06 11:15:00,2019-08-06 11:30:00,1465.208,1458.1995571428572,1474.6495571428572,0.07,0.07,0.4905910000000018,0.0,0.011200000000000002,0.0014000000000000002,1484.0911142857144,0.03,False,0.0,0.0,0,2019-08-06 13:30:00,1466.425,news_close,False,0.08518999999999097,0.17364770246496708
1,2019-08-07 10:15:00,2019-08-07 10:30:00,1488.768,1484.753292857143,1496.7974142857142,0.12,0.12,0.4817648571428526,0.0,0.0192,0.0,1504.8268285714285,0.06,True,0.4817648571428526,0.0,0,2019-08-07 13:45:00,1504.8268285714285,tp2,False,1.4452945714285579,3.0
1,2019-08-13 07:45:00,2019-08-13 08:15:00,1524.618,1515.223714285714,1543.4065714285716,0.05,0.05,0.4697142857142922,0.0,0.008,0.001,1562.1951428571433,0.02,False,0.0,0.0,0,2019-08-13 12:00:00,1525.685,news_close,False,0.05335000000000037,0.11357968369829606
1,2019-11-20 07:30:00,2019-11-20 09:15:00,1476.198,1471.973757142857,1484.6464857142862,0.12,0.12,0.5069091428571664,0.0,0.0192,0.011999999999989085,1493.0949714285723,0.06,False,0.0,0.0,0,2019-11-20 13:15:00,1471.8737571428571,sl,False,-0.5189091428571555,-1.0236728813616416
1,2020-01-06 11:30:00,2020-01-06 12:00:00,1577.975,1574.8347071428573,1584.2555857142852,0.16,0.16,0.5024468571428224,0.0,0.0256,0.01599999999998545,1590.5361714285705,0.08,False,0.0,0.0,0,2020-01-06 13:15:00,1574.7347071428574,sl,False,-0.5184468571428079,-1.03184416376086
-1,2020-01-09 15:45:00,2020-01-09 16:00:00,1547.648,1552.8775285714285,1541.1675285714284,0.09,0.09,0.47065757142856907,0.0,0.0144,0.0018,1534.687057142857,0.04,False,0.0,0.0,0,2020-01-09 17:30:00,1550.875,news_close,False,-0.290430000000008,-0.6170728309298772
1,2020-01-28 08:45:00,2020-01-28 09:00:00,1579.895,1576.6551357142857,1585.4851357142857,0.15,0.15,0.48597964285713713,0.0,0.024,0.014999999999986358,1591.0752714285713,0.07,False,0.0,0.0,0,2020-01-28 12:00:00,1576.5551357142858,sl,False,-0.5009796428571235,-1.0308654903974979
-1,2020-01-29 14:15:00,2020-01-29 14:30:00,1569.388,1572.4159785714287,1563.5029785714287,0.16,0.16,0.48447657142860406,0.0,0.0256,0.01599999999998545,1557.6179571428574,0.08,False,0.0,0.0,0,2020-01-29 14:45:00,1572.5159785714286,sl,False,-0.5004765714285895,-1.0330253327891694
1,2020-03-03 10:00:00,2020-03-03 10:15:00,1597.168,1593.8208142857143,1600.8738142857142,0.14,0.14,0.46860599999998614,0.0,0.022400000000000003,0.0,1604.5796285714284,0.07,True,0.25940699999999883,0.0,0,2020-03-03 12:30:00,1604.5796285714284,tp2,False,0.7782209999999965,1.6607149716393292
1,2020-03-04 09:45:00,2020-03-04 10:00:00,1639.548,1631.4409142857144,1648.8079142857143,0.06,0.06,0.48642514285713784,0.0,0.0096,0.0006,1658.0678285714287,0.03,True,0.2777974285714299,0.0,0,2020-03-04 12:45:00,1646.738,news_close,False,0.49349742857143153,1.0145393095281894
1,2020-03-05 09:15:00,2020-03-05 09:30:00,1642.738,1636.8772857142858,1648.9642857142858,0.08,0.08,0.4688571428571413,0.0,0.0128,0.0008,1655.1905714285715,0.04,True,0.24905142857142892,0.0,0,2020-03-05 13:00:00,1652.435,news_close,False,0.6369314285714245,1.358476538695913
-1,2020-04-01 11:00:00,2020-04-01 11:30:00,1591.998,1597.0941642857142,1586.6311642857142,0.1,0.1,0.5096164285714168,0.0,0.016,0.002,1581.2643285714285,0.05,False,0.0,0.0,0,2020-04-01 11:45:00,1592.958,news_close,False,-0.09600000000000364,-0.18837697259704878
1,2020-04-14 08:00:00,2020-04-14 08:15:00,1725.548,1708.3231357142856,1759.9977285714288,0.02,0.02,0.3444972857142875,0.0,0.0032,0.001999999999998181,1794.4474571428575,0.01,False,0.0,-0.010780000000000001,1,2020-04-15 07:15:00,1708.2231357142857,sl,False,-0.3572772857142857,-1.037097534668524
-1,2020-04-17 09:45:00,2020-04-17 10:00:00,1690.668,1697.6171642857144,1676.769671428571,0.07,0.07,0.48644150000001224,0.0,0.011200000000000002,0.006999999999993635,1662.871342857142,0.03,False,0.0,0.0,0,2020-04-17 12:15:00,1697.7171642857143,sl,False,-0.49344150000000586,-1.0143902195844587
1,2020-04-24 10:30:00,2020-04-24 11:30:00,1731.548,1725.0303571428572,1738.2603571428572,0.07,0.07,0.4562349999999993,0.0,0.011200000000000002,0.0014000000000000002,1744.9727142857143,0.03,False,0.0,0.0,0,2020-04-24 12:00:00,1730.448,news_close,False,-0.07699999999999364,-0.16877267197824314
1,2020-05-04 09:45:00,2020-05-04 10:00:00,1706.895,1702.2083928571428,1711.8603928571429,0.1,0.1,0.4686607142857156,0.0,0.016,0.0049999999999954525,1716.8257857142858,0.05,True,0.2482696428571444,0.0,0,2020-05-04 12:15:00,1702.108392857143,sl,False,0.008939285714291145,0.019074109354174234
1,2020-05-18 11:15:00,2020-05-18 11:30:00,1764.613,1758.1671285714285,1777.5047428571431,0.07,0.07,0.4512110000000076,0.0,0.011200000000000002,0.006999999999993635,1790.3964857142862,0.03,False,0.0,0.0,0,2020-05-18 12:00:00,1758.0671285714286,sl,False,-0.4582110000000012,-1.0155138061793563
1,2020-07-08 09:30:00,2020-07-08 11:15:00,1800.648,1792.1795714285713,1817.5848571428571,0.05,0.05,0.42342142857143017,0.0,0.008,0.001,1834.5217142857143,0.02,False,0.0,0.0,0,2020-07-08 14:00:00,1810.258,news_close,False,0.48050000000000637,1.1348032186777888
1,2020-07-23 13:45:00,2020-07-23 14:00:00,1879.895,1872.0763285714286,1888.0863285714286,0.06,0.06,0.4691202857142843,0.0,0.0096,0.0,1896.2776571428572,0.03,True,0.24573985714285754,0.0,0,2020-07-23 15:30:00,1896.2776571428572,tp2,False,0.7372195714285726,1.571493695494492
1,2020-07-24 07:00:00,2020-07-24 10:15:00,1889.585,1881.9696714285715,1897.9226714285714,0.06,0.06,0.45691971428571376,0.0,0.0096,0.0006,1906.2603428571429,0.03,True,0.25013014285714236,0.0,0,2020-07-24 13:15:00,1902.328,news_close,False,0.6324201428571405,1.3840946737126025
1,2020-07-27 08:00:00,2020-07-27 08:15:00,1937.865,1930.7133214285714,1952.1683571428573,0.07,0.07,0.5006175000000054,0.0,0.011200000000000002,0.0014000000000000002,1966.4717142857146,0.03,False,0.0,0.0,0,2020-07-27 12:00:00,1940.115,news_close,False,0.15750000000000003,0.3146114548532529
-1,2020-07-29 09:30:00,2020-07-29 09:45:00,1956.245,1961.2519142857143,1948.0519142857142,0.1,0.1,0.5006914285714402,0.0,0.016,0.009999999999990905,1939.8588285714286,0.05,False,0.0,0.0,0,2020-07-29 13:00:00,1961.3519142857142,sl,False,-0.5106914285714311,-1.0199723810501862
1,2020-08-05 09:45:00,2020-08-05 10:00:00,2039.815,2028.2604000000001,2062.9242,0.04,0.04,0.4621839999999975,0.0,0.0064,0.0008,2086.0334,0.02,False,0.0,0.0,0,2020-08-05 11:45:00,2039.965,news_close,False,0.0059999999999945436,0.01298184272929088
1,2020-08-06 13:45:00,2020-08-06 14:00:00,2064.778,2051.6831214285717,2090.967757142856,0.03,0.03,0.39284635714284377,0.0,0.0048,0.0029999999999972713,2117.1575142857123,0.01,False,0.0,0.0,0,2020-08-06 15:00:00,2051.5831214285718,sl,False,-0.39584635714284105,-1.0076365732950057
-1,2020-08-10 11:00:00,2020-08-10 11:15:00,2028.088,2035.5539357142857,2015.6439357142858,0.06,0.06,0.44795614285714236,0.0,0.0096,0.005999999999994543,2003.1998714285717,0.03,False,0.0,0.0,0,2020-08-10 12:00:00,2035.6539357142856,sl,False,-0.45395614285713687,-1.0133941683704246
-1,2020-08-11 08:15:00,2020-08-11 09:00:00,1990.008,2007.2645071428572,1970.2845071428571,0.02,0.02,0.34513014285714233,0.0,0.0032,0.0004,1950.5610142857142,0.01,False,0.0,0.0,0,2020-08-11 12:00:00,1978.1950000000002,news_close,False,0.2362599999999975,0.6845533630998762
1,2020-08-18 07:30:00,2020-08-18 07:45:00,2007.398,1988.9330928571428,2030.370092857143,0.02,0.02,0.369298142857142,0.0,0.0032,0.001999999999998181,2053.3421857142857,0.01,False,0.0,0.0,0,2020-08-18 14:15:00,1988.833092857143,sl,False,-0.3712981428571402,-1.0054156784665225
1,2020-08-19 12:45:00,2020-08-19 13:00:00,1990.668,1980.8108357142858,2010.3823285714282,0.05,0.05,0.49285821428570675,0.0,0.008,0.001,2030.0966571428564,0.02,False,0.0,0.0,0,2020-08-19 14:00:00,1984.905,news_close,False,-0.288149999999996,-0.5846509029328206
1,2020-12-03 07:15:00,2020-12-03 09:30:00,1835.588,1830.2566428571429,1846.2507142857141,0.09,0.09,0.4798221428571378,0.0,0.0144,0.0018,1856.9134285714283,0.04,False,0.0,0.0,0,2020-12-03 13:00:00,1841.195,news_close,False,0.5046299999999974,1.0517021932233874
-1,2021-02-18 12:15:00,2021-02-18 12:30:00,1781.185,1786.9948714285713,1774.4678714285715,0.08,0.08,0.4647897142857073,0.0,0.0128,0.0016,1767.750742857143,0.04,False,0.0,0.0,0,2021-02-18 13:00:00,1784.2450000000001,news_close,False,-0.24480000000001384,-0.5266897964302513
-1,2022-03-10 13:45:00,2022-03-10 14:00:00,1998.888,2009.7311785714285,1981.6071785714287,0.04,0.04,0.4337271428571421,0.0,0.0064,0.0008,1964.3263571428574,0.02,False,0.0,0.0,0,2022-03-10 17:30:00,1999.942,news_close,False,-0.04216000000000349,-0.09720396957930265
1,2022-04-18 09:15:00,2022-04-18 09:30:00,1993.028,1988.2398714285716,1997.8168714285716,0.1,0.1,0.4788128571428388,0.0,0.016,0.009999999999990905,2002.6057428571432,0.05,False,0.0,0.0,0,2022-04-18 10:30:00,1988.1398714285717,sl,False,-0.4888128571428297,-1.0208849863799871
-1,2022-10-21 07:00:00,2022-10-21 07:15:00,1619.678,1622.9794857142858,1616.1924857142858,0.15,0.15,0.4952228571428577,0.0,0.024,0.014999999999986358,1612.7069714285715,0.07,False,0.0,0.0,0,2022-10-21 07:15:00,1623.0794857142857,sl,False,-0.5102228571428441,-1.0302893935197732
-1,2023-04-10 12:00:00,2023-04-10 12:30:00,1999.775,2002.8933,1993.5384000000004,0.15,0.15,0.4677449999999794,0.0,0.024,0.0,1987.3018000000006,0.07,True,0.43656199999998085,0.0,0,2023-04-10 13:00:00,1987.3018000000006,tp2,False,1.434417999999937,3.066666666666667
-1,2023-05-08 13:30:00,2023-05-08 13:45:00,2021.434,2027.0575785714286,2015.6185785714285,0.08,0.08,0.4498862857142922,0.0,0.0128,0.007999999999992725,2009.8031571428571,0.04,False,0.0,0.0,0,2023-05-08 15:15:00,2027.1575785714285,sl,False,-0.4578862857142849,-1.0177822713295006
-1,2023-12-01 07:45:00,2023-12-01 08:00:00,2039.665,2042.9400071428572,2035.330007142857,0.15,0.15,0.4912510714285872,0.0,0.024,0.014999999999986358,2030.9950142857142,0.07,False,0.0,0.0,0,2023-12-01 08:45:00,2043.0400071428571,sl,False,-0.5062510714285736,-1.0305342845489691
1,2024-03-05 13:15:00,2024-03-05 13:30:00,2127.085,2120.8223857142857,2139.6102285714287,0.07,0.07,0.43838300000000346,0.0,0.011200000000000002,0.0008000000000000001,2152.1354571428574,0.03,True,0.3757568571428601,0.0,0,2024-03-05 14:15:00,2130.125,news_close,False,0.4973568571428587,1.1345258761011598
1,2024-03-06 07:00:00,2024-03-06 08:00:00,2127.858,2124.7763785714287,2134.021242857143,0.16,0.16,0.49305942857143237,0.0,0.0256,0.01599999999998545,2140.184485714286,0.08,False,0.0,0.0,0,2024-03-06 08:45:00,2124.676378571429,sl,False,-0.5090594285714178,-1.0324504493227988
1,2024-03-08 09:45:00,2024-03-08 10:00:00,2168.615,2156.132742857143,2193.5795142857132,0.03,0.03,0.3744677142857017,0.0,0.0048,0.0006,2218.5440285714267,0.01,False,0.0,0.0,0,2024-03-08 13:00:00,2165.885,news_close,False,-0.0818999999999869,-0.21871044385284696
1,2024-03-11 07:45:00,2024-03-11 08:00:00,2181.555,2176.576457142857,2188.7364571428575,0.09,0.09,0.44806885714283906,0.0,0.0144,0.008999999999991815,2195.917914285715,0.04,False,0.0,0.0,0,2024-03-11 09:00:00,2176.4764571428573,sl,False,-0.45706885714283085,-1.020086198486057
1,2024-03-11 13:30:00,2024-03-11 13:45:00,2180.535,2176.0595,2188.6595,0.1,0.1,0.4475500000000011,0.0,0.016,0.009999999999990905,2196.7840000000006,0.05,False,0.0,0.0,0,2024-03-11 14:00:00,2175.9595,sl,False,-0.457549999999992,-1.0223438721930307
1,2024-03-13 13:30:00,2024-03-13 13:45:00,2166.185,2161.793657142857,2174.9676857142863,0.11,0.11,0.48304771428574894,0.0,0.0176,0.0022,2183.7503714285726,0.05,False,0.0,0.0,0,2024-03-13 14:00:00,2165.895,news_close,False,-0.031899999999996,-0.0660390248345641
1,2024-03-15 09:45:00,2024-03-15 10:15:00,2169.975,2164.9897214285716,2176.6327214285716,0.09,0.09,0.44867507142855173,0.0,0.0144,0.008999999999991815,2183.2904428571433,0.04,False,0.0,0.0,0,2024-03-15 12:00:00,2164.8897214285716,sl,False,-0.4576750714285435,-1.0200590596026127
1,2024-03-21 07:15:00,2024-03-21 07:30:00,2209.445,2201.383692857143,2222.650692857143,0.05,0.05,0.4030653571428502,0.0,0.008,0.0049999999999954525,2235.856385714286,0.02,False,0.0,0.0,0,2024-03-21 08:30:00,2201.2836928571433,sl,False,-0.40806535714284564,-1.012404936101277
1,2024-04-01 12:30:00,2024-04-01 12:45:00,2250.915,2245.070142857143,2262.604714285714,0.08,0.08,0.4675885714285687,0.0,0.0128,0.0016,2274.2944285714284,0.04,False,0.0,0.0,0,2024-04-01 13:15:00,2255.285,news_close,False,0.34959999999999125,0.7476658356552626
1,2024-04-03 12:45:00,2024-04-03 13:00:00,2274.324,2268.3846785714286,2286.202642857143,0.08,0.08,0.475145714285718,0.0,0.0128,0.0016,2298.081285714286,0.04,False,0.0,0.0,0,2024-04-03 13:15:00,2275.008,news_close,False,0.05471999999997934,0.11516467128876326
1,2024-04-08 10:30:00,2024-04-08 10:45:00,2341.415,2332.875192857143,2353.4951928571427,0.05,0.05,0.4269903571428586,0.0,0.008,0.0049999999999954525,2365.5753857142854,0.02,False,0.0,0.0,0,2024-04-08 12:00:00,2332.775192857143,sl,False,-0.43199035714285405,-1.011709866315137
1,2024-04-09 08:30:00,2024-04-09 10:30:00,2356.805,2342.6228071428573,2385.169385714285,0.03,0.03,0.42546578571427746,0.0,0.0048,0.0029999999999972713,2413.53377142857,0.01,False,0.0,0.0,0,2024-04-09 15:45:00,2342.5228071428573,sl,False,-0.4284657857142747,-1.0070510957654581
-1,2024-04-11 08:00:00,2024-04-11 09:30:00,2333.785,2340.9925,2319.6124999999997,0.06,0.06,0.4324499999999989,0.0,0.0096,0.0012,2305.4399999999996,0.03,False,0.0,0.0,0,2024-04-11 12:00:00,2337.315,news_close,False,-0.211800000000012,-0.48976760319114937
1,2024-04-12 13:30:00,2024-04-12 13:45:00,2400.345,2389.8705,2421.2939999999994,0.04,0.04,0.4189799999999923,0.0,0.0064,0.001999999999998181,2442.242999999999,0.02,True,0.4189799999999923,0.0,0,2024-04-12 15:30:00,2389.7705,sl,False,0.20748999999999798,0.49522650245835553
1,2024-04-16 12:30:00,2024-04-16 12:45:00,2375.228,2368.1831357142855,2389.317728571429,0.06,0.06,0.42269185714287233,0.0,0.0096,0.005999999999994543,2403.407457142858,0.03,False,0.0,0.0,0,2024-04-16 13:45:00,2368.0831357142856,sl,False,-0.42869185714286684,-1.0141947376051923
1,2024-05-20 09:00:00,2024-05-20 09:30:00,2443.495,2431.2915214285713,2467.901957142857,0.03,0.03,0.3661043571428581,0.0,0.0048,0.0029999999999972713,2492.3089142857143,0.01,False,0.0,0.0,0,2024-05-20 11:15:00,2431.1915214285714,sl,False,-0.3691043571428554,-1.008194384856301
1,2024-05-21 07:30:00,2024-05-21 07:45:00,2417.905,2410.1656285714284,2430.986628571429,0.06,0.06,0.46436228571430543,0.0,0.0096,0.0029999999999972713,2444.0682571428574,0.03,True,0.39244885714285827,-0.01617,1,2024-05-22 11:30:00,2410.0656285714285,sl,False,0.14109771428570828,0.3038526569156336
1,2024-08-20 11:45:00,2024-08-20 12:00:00,2525.078,2496.932842857143,2581.368314285714,0.01,0.01,0.28145157142856986,0.0,0.0016,0.0002,,0.0,False,0.0,-0.005390000000000001,1,2024-08-21 14:00:00,2502.844,news_close,False,-0.22772999999999924,-0.809126766797233
1,2024-09-12 14:45:00,2024-09-12 15:00:00,2551.534,2512.156678571429,2630.2886428571423,0.01,0.01,0.3937732142857112,0.0,0.0016,0.0002,,0.0,False,0.0,0.0,0,2024-09-12 16:30:00,2545.465,news_close,False,-0.0606899999999996,-0.15412424664305524
1,2024-09-13 09:30:00,2024-09-13 09:45:00,2570.888,2565.4599285714285,2581.744142857143,0.08,0.08,0.43424571428571657,0.0,0.0128,0.007999999999992725,2592.6002857142857,0.04,False,0.0,0.0,0,2024-09-13 11:30:00,2565.3599285714286,sl,False,-0.44224571428570925,-1.0184227494637494
-1,2024-09-17 15:15:00,2024-09-17 15:30:00,2568.194,2582.6702857142855,2539.241428571429,0.03,0.03,0.43428857142856486,0.0,0.0048,0.0006,2510.288857142858,0.01,False,0.0,0.0,1,2024-09-18 14:00:00,2571.825,news_close,False,-0.10892999999999574,-0.2508240077367852
1,2024-09-20 08:30:00,2024-09-20 08:45:00,2609.615,2604.308814285714,2620.227371428571,0.08,0.08,0.424494857142854,0.0,0.0128,0.007999999999992725,2630.8397428571425,0.04,False,0.0,0.0,0,2024-09-20 09:45:00,2604.208814285714,sl,False,-0.43249485714284674,-1.018845929144674
1,2024-09-20 10:45:00,2024-09-20 11:00:00,2612.605,2602.0922,2633.6306,0.04,0.04,0.42051199999999883,0.0,0.0064,0.0004,2654.6562,0.02,True,0.42051199999999883,-0.03234000000000001,3,2024-09-24 13:30:00,2633.725,news_close,False,0.8105719999999966,1.9275835172361286
1,2024-09-25 12:00:00,2024-09-25 12:15:00,2658.088,2652.3572,2663.9462000000003,0.08,0.08,0.4584640000000218,0.0,0.0128,0.0008,2669.8044000000004,0.04,True,0.23432800000000498,0.0,0,2024-09-25 13:30:00,2664.205,news_close,False,0.4790079999999943,1.0448104976616954
1,2024-10-17 14:00:00,2024-10-17 14:15:00,2688.668,2672.490692857143,2721.022614285714,0.02,0.02,0.3235461428571398,0.0,0.0032,0.0004,2753.377228571428,0.01,False,0.0,0.0,0,2024-10-17 14:30:00,2689.525,news_close,False,0.01713999999999942,0.05297544223102515
1,2024-10-18 14:30:00,2024-10-18 14:45:00,2716.945,2704.3930785714288,2742.048842857143,0.03,0.03,0.3765576428571421,0.0,0.0048,0.00039999999999999996,2767.152685714286,0.01,True,0.2510384285714281,-0.04312,4,2024-10-23 13:30:00,2739.265,news_close,False,0.6543184285714222,1.7376315179975157
1,2024-10-28 12:00:00,2024-10-28 12:15:00,2733.205,2727.4086142857145,2740.1116142857145,0.08,0.08,0.46371085714283256,0.0,0.0128,0.0,2747.018228571429,0.04,True,0.27626457142858274,-0.021560000000000003,1,2024-10-29 01:00:00,2747.018228571429,tp2,False,0.8072337142857482,1.7408126246159974
1,2024-10-30 09:45:00,2024-10-30 10:00:00,2784.485,2779.204192857143,2795.0466142857144,0.09,0.09,0.4752726428571441,0.0,0.0144,0.008999999999991815,2805.6082285714288,0.04,False,0.0,0.0,0,2024-10-30 11:00:00,2779.104192857143,sl,False,-0.4842726428571359,-1.0189364991552796
1,2025-01-24 13:00:00,2025-01-24 14:00:00,2779.955,2770.50975,2789.4097500000003,0.05,0.05,0.47226249999998804,0.0,0.008,0.001,2798.8645000000006,0.02,False,0.0,0.0,0,2025-01-24 14:30:00,2774.198,news_close,False,-0.2878500000000031,-0.6095127180328956
1,2025-02-10 12:00:00,2025-02-10 12:15:00,2906.135,2897.6581285714287,2923.088742857143,0.05,0.05,0.42384357142857426,0.0,0.008,0.0049999999999954525,2940.042485714286,0.02,False,0.0,0.0,0,2025-02-10 14:00:00,2897.558128571429,sl,False,-0.4288435714285697,-1.0117968050881196
1,2025-03-18 07:00:00,2025-03-18 07:15:00,3016.975,3005.476507142857,3039.971985714286,0.04,0.04,0.45993971428571967,0.0,0.0064,0.0004,3062.968971428572,0.02,True,0.45993971428571967,-0.021560000000000003,1,2025-03-19 14:00:00,3032.955,news_close,False,0.7579797142857201,1.647997967435477
1,2025-03-24 09:00:00,2025-03-24 09:15:00,3028.725,3020.4476357142858,3037.5276357142857,0.05,0.05,0.41386821428570786,0.0,0.008,0.0049999999999954525,3046.3302714285715,0.02,False,0.0,0.0,0,2025-03-24 13:45:00,3020.347635714286,sl,False,-0.4188682142857033,-1.012081140390607
-1,2025-03-25 11:45:00,2025-03-25 12:00:00,3020.438,3024.931614285714,3013.721614285714,0.1,0.1,0.44936142857141026,0.0,0.016,0.009999999999990905,3007.0052285714282,0.05,False,0.0,0.0,0,2025-03-25 13:00:00,3025.031614285714,sl,False,-0.45936142857140116,-1.0222538014261315
1,2025-04-01 10:15:00,2025-04-01 10:30:00,3135.465,3123.452957142857,3159.4890857142864,0.03,0.03,0.36036128571429343,0.0,0.0048,0.0006,3183.5131714285726,0.01,False,0.0,0.0,0,2025-04-01 13:15:00,3134.445,news_close,False,-0.030599999999999454,-0.0849147819509673
1,2025-04-11 08:00:00,2025-04-11 09:30:00,3212.855,3185.4313857142856,3267.702228571429,0.01,0.01,0.2742361428571439,0.0,0.0016,0.0002,,0.0,False,0.0,0.0,0,2025-04-11 12:00:00,3213.465,news_close,False,0.006100000000001274,0.02224360340124426
1,2025-04-11 13:30:00,2025-04-11 13:45:00,3237.325,3209.901357142857,3292.172285714286,0.01,0.01,0.2742364285714302,0.0,0.0016,0.0009999999999990906,,0.0,False,0.0,-0.005390000000000001,1,2025-04-13 22:00:00,3209.801357142857,sl,False,-0.28062642857142933,-1.0233010619095586
-1,2025-04-14 13:00:00,2025-04-14 13:30:00,3206.025,3228.358607142857,3161.357785714286,0.02,0.02,0.4466721428571418,0.0,0.0032,0.001999999999998181,3116.6905714285717,0.01,False,0.0,0.0,1,2025-04-15 03:45:00,3228.458607142857,sl,False,-0.44867214285714,-1.0044775570448723
-1,2025-04-15 07:15:00,2025-04-15 07:30:00,3220.585,3228.9237857142857,3209.6137857142858,0.05,0.05,0.4169392857142839,0.0,0.008,0.0049999999999954525,3198.6425714285715,0.02,False,0.0,0.0,0,2025-04-15 08:00:00,3229.0237857142856,sl,False,-0.42193928571427936,-1.0119921537051364
1,2025-04-17 10:30:00,2025-04-17 10:45:00,3326.745,3311.884328571429,3356.466342857142,0.03,0.03,0.44582014285713284,0.0,0.0048,0.0006,3386.1876857142843,0.01,False,0.0,0.0,0,2025-04-17 12:00:00,3327.185,news_close,False,0.013200000000001636,0.029608352631638937
-1,2025-05-01 09:15:00,2025-05-01 09:30:00,3225.815,3237.0192142857145,3211.9392142857146,0.04,0.04,0.4481685714285777,0.0,0.0064,0.0004,3198.063428571429,0.02,True,0.2775157142857097,0.0,0,2025-05-01 12:00:00,3205.2949999999996,news_close,False,0.6879157142857184,1.5349485843974402
-1,2025-05-02 15:30:00,2025-05-04 22:00:00,3241.865,3265.480642857143,3212.5006428571432,0.01,0.01,0.2361564285714303,0.0,0.0016,0.0009999999999990906,,0.0,False,0.0,0.0,1,2025-05-05 01:15:00,3265.5806428571427,sl,False,-0.23715642857142938,-1.0042344813818889
1,2025-05-07 07:00:00,2025-05-07 07:15:00,3395.645,3377.6627857142857,3431.6094285714285,0.02,0.02,0.3596442857142847,0.0,0.0032,0.001999999999998181,3467.573857142857,0.01,False,0.0,0.0,0,2025-05-07 09:15:00,3377.562785714286,sl,False,-0.3616442857142829,-1.0055610504029726
-1,2025-05-08 15:15:00,2025-05-08 15:30:00,3350.415,3370.128642857143,3321.458642857143,0.02,0.02,0.39427285714285976,0.0,0.0032,0.0002,3292.502285714286,0.01,True,0.28956357142857087,0.0,0,2025-05-08 16:30:00,3311.4849999999997,news_close,False,0.6788635714285738,1.7218115808124124
1,2025-06-16 10:45:00,2025-06-16 11:00:00,3419.348,3409.003007142857,3437.183007142857,0.04,0.04,0.41379971428572393,0.0,0.0064,0.003999999999996362,3455.0180142857143,0.02,False,0.0,0.0,0,2025-06-16 13:15:00,3408.903007142857,sl,False,-0.41779971428572027,-1.009666512232617
1,2025-09-01 13:00:00,2025-09-01 16:00:00,3473.315,3466.5827142857142,3486.7795714285717,0.06,0.06,0.4039371428571485,0.0,0.0096,0.0,3500.2441428571433,0.03,True,0.4039371428571485,-0.03234,1,2025-09-02 01:30:00,3500.2441428571433,tp2,False,1.1794714285714454,2.9199380384501135
1,2025-09-03 12:45:00,2025-09-03 13:00:00,3549.385,3531.5773357142857,3585.0003285714292,0.02,0.02,0.35615328571429017,0.0,0.0032,0.0004,3620.6156571428583,0.01,False,0.0,0.0,0,2025-09-03 13:30:00,3560.199,news_close,False,0.21627999999999703,0.6072666143349835
1,2025-09-05 13:45:00,2025-09-05 14:15:00,3586.575,3546.866142857143,3665.992714285713,0.01,0.01,0.39708857142856685,0.0,0.0016,0.0,,0.0,False,0.0,-0.010780000000000001,3,2025-09-09 13:30:00,3665.992714285713,tp,False,0.7833971428571337,1.9728524042854776
1,2025-09-16 08:00:00,2025-09-16 08:15:00,3694.015,3679.622207142857,3722.8005857142857,0.03,0.03,0.43178378571428766,0.0,0.0048,0.0006,3751.5861714285716,0.01,False,0.0,0.0,0,2025-09-16 12:00:00,3697.065,news_close,False,0.09150000000000545,0.2119116164786957
-1,2025-09-17 10:45:00,2025-09-17 11:00:00,3662.245,3671.26545,3644.2041,0.05,0.05,0.45102249999999916,0.0,0.008,0.0049999999999954525,3626.1632,0.02,False,0.0,0.0,0,2025-09-17 12:00:00,3671.36545,sl,False,-0.4560224999999946,-1.0110859214340648
1,2025-09-22 08:30:00,2025-09-22 09:00:00,3719.645,3689.263907142857,3780.407185714286,0.01,0.01,0.30381092857142905,0.0,0.0016,0.0,,0.0,False,0.0,-0.005390000000000001,1,2025-09-23 09:00:00,3780.407185714286,tp,False,0.6022318571428581,1.9822587027222993
1,2025-09-23 11:15:00,2025-09-23 11:30:00,3787.648,3748.073664285714,3866.796671428572,0.01,0.01,0.3957433571428601,0.0,0.0016,0.0002,,0.0,False,0.0,0.0,0,2025-09-23 13:30:00,3783.258,news_close,False,-0.04390000000000328,-0.110930478573152
1,2025-09-24 07:30:00,2025-09-24 07:45:00,3776.795,3768.5307571428575,3790.450757142857,0.05,0.05,0.41321214285712815,0.0,0.008,0.0049999999999954525,3804.106514285714,0.02,False,0.0,0.0,0,2025-09-24 08:30:00,3768.4307571428576,sl,False,-0.4182121428571236,-1.0121003220414175
1,2025-09-29 11:15:00,2025-09-29 12:15:00,3819.565,3805.7250714285715,3847.244857142857,0.03,0.03,0.4151978571428572,0.0,0.0048,0.0019999999999981808,3874.9247142857143,0.01,True,0.27679857142857145,-0.01617,1,2025-09-30 09:00:00,3805.6250714285716,sl,False,-0.018169999999998115,-0.04376226824731988
1,2025-09-30 12:45:00,2025-09-30 13:00:00,3817.575,3792.1575214285713,3868.409957142857,0.01,0.01,0.2541747857142855,0.0,0.0016,0.0002,,0.0,False,0.0,0.0,0,2025-09-30 13:15:00,3816.785,news_close,False,-0.007899999999999636,-0.03108097436887356
1,2025-10-02 08:30:00,2025-10-02 08:45:00,3874.615,3860.97545,3894.60245,0.03,0.03,0.4091864999999961,0.0,0.0048,0.0019999999999981808,3914.5899,0.01,True,0.19987450000000082,0.0,0,2025-10-02 14:15:00,3860.87545,sl,False,-0.07491649999999475,-0.18308644102382524
1,2025-10-06 08:00:00,2025-10-06 08:15:00,3944.955,3921.5238285714286,3991.8173428571426,0.02,0.02,0.46862342857142725,0.0,0.0032,0.0,4038.6796857142854,0.01,True,0.46862342857142725,-0.016170000000000004,2,2025-10-08 07:00:00,4038.6796857142854,tp2,False,1.3897002857142817,2.9654946829071407
1,2025-10-08 09:45:00,2025-10-08 10:15:00,4040.305,4020.4422357142853,4080.030528571429,0.02,0.02,0.397255285714291,0.0,0.0032,0.0004,4119.7560571428585,0.01,False,0.0,0.0,0,2025-10-08 14:00:00,4037.728,news_close,False,-0.051539999999995416,-0.12974024979258142
1,2025-10-13 08:45:00,2025-10-13 09:00:00,4077.105,4058.660835714286,4113.993328571429,0.02,0.02,0.36888328571428247,0.0,0.0032,0.0,4150.881657142858,0.01,True,0.368883285714287,-0.005390000000000001,1,2025-10-14 03:00:00,4150.881657142858,tp2,False,1.1012598571428656,2.985388332275492
1,2025-11-07 09:00:00,2025-11-07 09:15:00,4010.275,4002.032357142857,4018.762357142857,0.06,0.06,0.49455857142857895,0.0,0.0096,0.005999999999994543,4027.249714285714,0.03,False,0.0,0.0,0,2025-11-07 11:15:00,4001.932357142857,sl,False,-0.5005585714285735,-1.0121320311619775
1,2025-12-12 14:45:00,2025-12-12 15:00:00,4345.935,4320.308371428571,4377.598371428571,0.01,0.01,0.2562662857142914,0.0,0.0016,0.001000000000003638,,0.0,False,0.0,0.0,0,2025-12-12 15:15:00,4320.208371428571,sl,False,-0.257266285714295,-1.0039021910245287
-1,2025-12-18 12:15:00,2025-12-18 12:30:00,4320.485,4328.960192857143,4306.710192857143,0.05,0.05,0.42375964285715784,0.0,0.008,0.001,4292.935385714286,0.02,False,0.0,0.0,0,2025-12-18 13:00:00,4320.705,news_close,False,-0.011000000000012734,-0.025958111362012468
1,2025-12-22 15:45:00,2025-12-22 16:00:00,4429.325,4405.02505,4477.924899999999,0.02,0.02,0.4859989999999925,0.0,0.0032,0.0002,4526.524799999998,0.01,True,0.4859989999999925,-0.010780000000000001,1,2025-12-23 13:00:00,4486.004999999999,news_close,False,1.0420189999999865,2.144076428140804
-1,2025-12-26 11:00:00,2025-12-26 11:15:00,4511.518,4523.71965,4487.1147,0.04,0.04,0.4880659999999989,0.0,0.0064,0.004000000000014552,4462.7114,0.02,False,0.0,0.0,0,2025-12-26 13:30:00,4523.81965,sl,False,-0.49206600000001344,-1.0081956128884506
-1,2025-12-30 13:30:00,2025-12-30 13:45:00,4380.875,4392.339414285715,4357.94617142857,0.04,0.04,0.45857657142860264,0.0,0.0064,0.0008,4335.01734285714,0.02,False,0.0,0.0,0,2025-12-30 14:15:00,4386.155000000001,news_close,False,-0.2112000000000262,-0.4605555825542401
1,2026-01-02 07:45:00,2026-01-02 08:00:00,4381.495,4370.038757142857,4403.438757142857,0.04,0.04,0.4582497142857028,0.0,0.0064,0.004000000000014552,4425.382514285714,0.02,False,0.0,0.0,0,2026-01-02 13:30:00,4369.938757142857,sl,False,-0.4622497142857174,-1.0087288652350817
1,2026-01-05 08:15:00,2026-01-05 08:30:00,4426.095,4400.2434,4477.7982,0.01,0.01,0.25851599999999963,0.0,0.0016,0.001000000000003638,,0.0,False,0.0,0.0,0,2026-01-05 13:15:00,4400.1434,sl,False,-0.25951600000000324,-1.0038682325272077
1,2026-01-06 08:15:00,2026-01-06 08:30:00,4470.035,4448.430928571429,4496.407928571429,0.02,0.02,0.4320814285714187,0.0,0.0032,0.002000000000007276,4522.780857142858,0.01,False,0.0,0.0,0,2026-01-06 09:45:00,4448.330928571429,sl,False,-0.43408142857142595,-1.0046287571456607
1,2026-01-12 15:30:00,2026-01-12 15:45:00,4620.185,4583.341971428571,4693.871057142859,0.01,0.01,0.36843028571429387,0.0,0.0016,0.0002,,0.0,False,0.0,0.0,0,2026-01-12 17:30:00,4615.958,news_close,False,-0.04227000000000771,-0.1147299818690442
1,2026-01-20 13:45:00,2026-01-20 14:00:00,4735.145,4720.754785714285,4763.9254285714305,0.03,0.03,0.43170642857145136,0.0,0.0048,0.0,4792.705857142861,0.01,True,0.28780428571430094,-0.01078,1,2026-01-21 01:00:00,4792.705857142861,tp2,False,1.4282414285715044,3.308362660471982
1,2026-01-21 09:15:00,2026-01-21 09:30:00,4869.375,4830.918492857143,4946.288014285714,0.01,0.01,0.3845650714285694,0.0,0.0016,0.001000000000003638,,0.0,False,0.0,0.0,0,2026-01-21 15:15:00,4830.818492857143,sl,False,-0.385565071428573,-1.0026003401616503
1,2026-01-23 12:00:00,2026-01-23 12:15:00,4932.265,4910.590335714286,4966.200335714286,0.02,0.02,0.43349328571428486,0.0,0.0032,0.0,5000.135671428571,0.01,True,0.3393533571428543,-0.005390000000000001,1,2026-01-25 23:00:00,5000.135671428571,tp2,False,1.0126700714285628,2.336068642354966
1,2026-01-26 07:15:00,2026-01-26 07:30:00,5092.785,5050.72,5176.914999999999,0.01,0.01,0.420649999999996,0.0,0.0016,0.0002,,0.0,False,0.0,0.0,0,2026-01-26 13:00:00,5078.6449999999995,news_close,False,-0.14140000000000327,-0.3361464400332928
-1,2026-01-27 11:45:00,2026-01-27 12:00:00,5081.745,5100.217507142857,5055.247507142857,0.02,0.02,0.36945014285714933,0.0,0.0032,0.0002,5028.750014285714,0.01,True,0.2649749285714279,0.0,0,2026-01-27 14:30:00,5059.455,news_close,False,0.48787492857142756,1.3205433480102025
1,2026-01-29 14:15:00,2026-01-29 14:30:00,5542.835,5497.501878571428,5593.151878571428,0.01,0.01,0.4533312142857176,0.0,0.0016,0.001000000000003638,,0.0,False,0.0,0.0,0,2026-01-29 14:45:00,5497.401878571428,sl,False,-0.4543312142857212,-1.002205892664107
-1,2026-02-18 08:30:00,2026-02-18 12:00:00,4924.925,4942.811164285715,4900.261164285715,0.02,0.02,0.35772328571429174,0.0,0.0032,0.002000000000007276,4875.597328571429,0.01,False,0.0,0.0,0,2026-02-18 12:45:00,4942.911164285715,sl,False,-0.359723285714299,-1.0055909136471608
-1,2026-02-25 10:15:00,2026-02-25 10:30:00,5176.325,5197.848842857143,5145.521842857143,0.02,0.02,0.43047685714285766,0.0,0.0032,0.0004,5114.718685714287,0.01,False,0.0,0.0,0,2026-02-25 15:00:00,5191.1050000000005,news_close,False,-0.29560000000001313,-0.6866803524862094
-1,2026-02-26 07:00:00,2026-02-26 07:15:00,5189.765,5205.92445,5157.4461,0.03,0.03,0.48478350000000314,0.0,0.0048,0.0006,5125.1272,0.01,False,0.0,0.0,0,2026-02-26 13:00:00,5183.675,news_close,False,0.18270000000000436,0.37686926225831363
1,2026-03-25 08:15:00,2026-03-25 08:30:00,4562.915,4531.198128571428,4599.578128571428,0.01,0.01,0.31716871428571725,0.0,0.0016,0.001000000000003638,,0.0,False,0.0,0.0,0,2026-03-25 09:45:00,4531.098128571428,sl,False,-0.31816871428572086,-1.0031528960927174
1,2026-04-09 13:30:00,2026-04-09 14:30:00,4759.385,4733.548328571428,4799.038328571429,0.01,0.01,0.25836671428572117,0.0,0.0016,0.0,,0.0,False,0.0,0.0,0,2026-04-09 16:00:00,4799.038328571429,tp,False,0.39653328571428575,1.534769239956234
1,2026-04-10 11:15:00,2026-04-10 11:30:00,4760.468,4741.220471428572,4798.963057142856,0.02,0.02,0.3849505714285624,0.0,0.0032,0.0004,4837.458114285712,0.01,False,0.0,0.0,0,2026-04-10 12:00:00,4768.094999999999,news_close,False,0.15253999999998996,0.39625866623319905
-1,2026-04-13 09:00:00,2026-04-13 09:15:00,4720.635,4740.691142857142,4698.9611428571425,0.02,0.02,0.40112285714283646,0.0,0.0032,0.0004,4677.287285714285,0.01,False,0.0,0.0,0,2026-04-13 13:30:00,4733.535,news_close,False,-0.25799999999999274,-0.6431944612623287
