side,signal_time,entry_time,entry_price,sl,tp,lots,oz,risk_usd,commission_usd,spread_cost_usd,slippage_cost_usd,swap_usd,rollovers,exit_time,exit_price,exit_reason,ambiguous,pnl_usd,r_multiple
-1,2017-07-07 13:05:00,2017-07-07 13:15:00,1217.538,1224.9157214285713,1202.7825571428575,0.06,0.06,0.44266328571427493,0.0,0.0096,0.0012,0.0,3,2017-07-11 13:30:00,1212.219,news_close,False,0.3191399999999976,0.7209543016088131
-1,2018-05-04 13:15:00,2018-05-04 13:30:00,1310.301,1315.6035857142858,1299.6958285714281,0.09,0.09,0.47723271428573066,0.0,0.0144,0.008999999999991815,0.0,2,2018-05-07 00:10:00,1315.7035857142857,sl,False,-0.4862327142857225,-1.0188587239109583
-1,2018-09-05 07:20:00,2018-09-05 07:25:00,1192.538,1195.9797357142857,1185.6545285714287,0.14,0.14,0.48184299999998986,0.0,0.022400000000000003,0.01399999999998727,0.0,0,2018-09-05 12:50:00,1196.0797357142856,sl,False,-0.49584299999997716,-1.0290551071614356
1,2019-06-27 14:05:00,2019-06-27 14:25:00,1404.878,1398.3855785714286,1417.8628428571426,0.07,0.07,0.45446949999999336,0.0,0.011200000000000002,0.0,-0.03773000000000001,1,2019-06-28 01:00:00,1417.8628428571426,tp,False,0.8712089999999867,1.9169801273792837
1,2019-07-25 14:25:00,2019-07-25 14:30:00,1419.285,1415.092642857143,1427.6697142857145,0.11,0.11,0.46115928571429093,0.0,0.0176,0.010999999999989995,0.0,0,2019-07-25 16:45:00,1414.992642857143,sl,False,-0.47215928571428095,-1.0238529296508734
-1,2020-03-11 08:10:00,2020-03-11 08:25:00,1661.675,1666.3056857142858,1652.4136285714283,0.1,0.1,0.46306857142858465,0.0,0.016,0.009999999999990905,0.0,0,2020-03-11 11:10:00,1666.4056857142857,sl,False,-0.47306857142857556,-1.0215950738551323
1,2020-03-25 08:40:00,2020-03-25 08:45:00,1604.648,1594.1675142857143,1625.608971428571,0.04,0.04,0.41921942857142314,0.0,0.0064,0.0,0.0,0,2020-03-25 10:30:00,1625.608971428571,tp,False,0.8384388571428463,2.0
-1,2020-04-01 08:20:00,2020-04-01 08:55:00,1594.818,1600.2267000000002,1584.0005999999996,0.09,0.09,0.48678300000001623,0.0,0.0144,0.0018,0.0,0,2020-04-01 11:45:00,1592.958,news_close,False,0.167399999999991,0.34389039880190025
-1,2020-04-21 08:00:00,2020-04-21 08:05:00,1694.158,1698.0343857142857,1686.4052285714283,0.12,0.12,0.46516628571429464,0.0,0.0192,0.0,0.0,0,2020-04-21 09:20:00,1686.4052285714283,tp,False,0.9303325714285893,2.0
1,2020-06-22 08:50:00,2020-06-22 09:30:00,1746.655,1742.7394785714287,1754.4860428571426,0.13,0.13,0.5090177857142704,0.0,0.020800000000000003,0.0,0.0,0,2020-06-22 12:40:00,1754.4860428571426,tp,False,1.0180355714285407,2.0
1,2020-09-07 11:35:00,2020-09-07 12:10:00,1927.978,1924.1947714285714,1935.5444571428575,0.13,0.13,0.49181971428573207,0.0,0.020800000000000003,0.012999999999988177,-0.07007000000000001,1,2020-09-08 03:20:00,1924.0947714285714,sl,False,-0.5748897142857202,-1.1689033554106922
-1,2021-01-11 08:45:00,2021-01-11 09:05:00,1850.925,1855.1370571428572,1842.5008857142855,0.12,0.12,0.5054468571428696,0.0,0.0192,0.0,0.0,0,2021-01-11 12:50:00,1842.5008857142855,tp,False,1.0108937142857393,2.0
1,2021-01-19 14:10:00,2021-01-19 14:30:00,1838.475,1833.3999,1848.6252,0.1,0.1,0.507510000000002,0.0,0.016,0.009999999999990905,0.0,0,2021-01-19 15:15:00,1833.2999,sl,False,-0.5175099999999929,-1.01970404524047
1,2021-01-21 08:45:00,2021-01-21 09:05:00,1869.791,1866.0487714285714,1877.275457142857,0.13,0.13,0.4864897142857103,0.0,0.020800000000000003,0.012999999999988177,0.0,0,2021-01-21 12:55:00,1865.9487714285715,sl,False,-0.4994897142856985,-1.0267220449235508
-1,2021-03-09 15:30:00,2021-03-09 16:10:00,1716.124,1720.796492857143,1706.779014285714,0.11,0.11,0.5139742142857268,0.0,0.0176,0.0022,0.0,1,2021-03-10 13:00:00,1712.895,news_close,False,0.3551900000000046,0.6910657969361642
-1,2021-03-23 11:55:00,2021-03-23 12:00:00,1738.985,1742.1805214285714,1732.5939571428569,0.16,0.16,0.5112834285714416,0.0,0.0256,0.0032,0.0,0,2021-03-23 13:30:00,1734.208,news_close,False,0.7643199999999706,1.49490469921063
1,2021-05-24 09:50:00,2021-05-24 11:35:00,1879.808,1874.9597142857142,1889.5045714285716,0.1,0.1,0.4848285714285794,0.0,0.016,0.009999999999990905,-0.0539,1,2021-05-25 01:20:00,1874.8597142857143,sl,False,-0.5487285714285703,-1.1317991631798956
-1,2021-05-25 07:40:00,2021-05-25 07:45:00,1884.138,1887.3570071428574,1877.699985714285,0.16,0.16,0.5150411428571897,0.0,0.0256,0.0032,0.0,0,2021-05-25 13:30:00,1881.008,news_close,False,0.500799999999981,0.9723495043945306
1,2021-09-10 14:00:00,2021-09-10 14:05:00,1794.788,1790.012942857143,1804.3381142857143,0.11,0.11,0.5252562857142834,0.0,0.0176,0.010999999999989995,0.0,0,2021-09-10 17:45:00,1789.912942857143,sl,False,-0.5362562857142734,-1.0209421577602473
1,2021-11-02 12:10:00,2021-11-02 12:25:00,1791.178,1787.9788714285714,1797.5762571428575,0.16,0.16,0.5118605714285878,0.0,0.0256,0.01599999999998545,0.0,0,2021-11-02 14:05:00,1787.8788714285715,sl,False,-0.5278605714285731,-1.031258512362712
-1,2021-11-19 11:10:00,2021-11-19 11:30:00,1860.598,1864.2495285714285,1853.2949428571428,0.14,0.14,0.511214,0.0,0.022400000000000003,0.01399999999998727,0.0,0,2021-11-19 14:05:00,1864.3495285714284,sl,False,-0.5252139999999873,-1.02738579146891
-1,2022-04-06 10:25:00,2022-04-06 10:30:00,1928.098,1933.4527142857144,1917.3885714285711,0.09,0.09,0.4819242857142967,0.0,0.0144,0.0018,0.0,0,2022-04-06 14:00:00,1930.6280000000002,news_close,False,-0.227700000000018,-0.4724808579889816
-1,2022-04-08 12:40:00,2022-04-08 13:00:00,1934.542,1939.0352214285715,1925.5555571428567,0.11,0.11,0.4942543571428746,0.0,0.0176,0.010999999999989995,0.0,0,2022-04-08 13:35:00,1939.1352214285714,sl,False,-0.5052543571428646,-1.0222557471492562
-1,2022-06-22 11:55:00,2022-06-22 12:00:00,1838.408,1843.1376571428573,1828.9486857142851,0.1,0.1,0.47296571428573775,0.0,0.016,0.009999999999990905,0.0,0,2022-06-22 12:40:00,1843.2376571428572,sl,False,-0.48296571428572865,-1.0211431816259509
-1,2022-06-24 08:20:00,2022-06-24 09:15:00,1827.232,1831.3773571428571,1818.9412857142856,0.12,0.12,0.4974428571428598,0.0,0.0192,0.0,0.0,0,2022-06-24 13:00:00,1818.9412857142856,tp,False,0.9948857142857196,2.0
1,2022-09-22 07:30:00,2022-09-22 07:35:00,1659.122,1655.6737857142857,1666.0184285714288,0.14,0.14,0.48275000000001006,0.0,0.022400000000000003,0.0,0.0,0,2022-09-22 08:10:00,1666.0184285714288,tp,False,0.9655000000000201,2.0
1,2022-12-19 14:55:00,2022-12-19 15:00:00,1791.925,1788.8595642857144,1798.055871428571,0.16,0.16,0.49046971428568215,0.0,0.0256,0.01599999999998545,0.0,0,2022-12-19 15:45:00,1788.7595642857145,sl,False,-0.5064697142856676,-1.0326217899575874
-1,2023-02-14 14:25:00,2023-02-14 14:40:00,1849.915,1871.1057142857144,1807.5335714285711,0.02,0.02,0.4238142857142884,0.0,0.0032,0.0004,0.0,1,2023-02-15 13:00:00,1835.805,news_close,False,0.282199999999998,0.665857686992272
-1,2023-03-30 08:10:00,2023-03-30 08:40:00,1968.315,1971.5564285714286,1961.832142857143,0.15,0.15,0.4862142857142771,0.0,0.024,0.003,0.0,0,2023-03-30 12:00:00,1968.765,news_close,False,-0.06750000000000682,-0.1388276773909376
-1,2023-03-30 13:25:00,2023-03-30 14:20:00,1969.898,1975.0523,1959.5893999999996,0.1,0.1,0.5154300000000148,0.0,0.016,0.009999999999990905,0.0,0,2023-03-30 15:15:00,1975.1523,sl,False,-0.5254300000000057,-1.0194012766039824
-1,2023-03-31 13:05:00,2023-03-31 13:10:00,1976.258,1987.7712357142857,1953.2315285714287,0.04,0.04,0.46052942857142626,0.0,0.0064,0.0008,0.0,0,2023-03-31 13:15:00,1978.845,news_close,False,-0.10347999999999957,-0.2246979097969854
1,2023-04-05 15:45:00,2023-04-05 16:25:00,2020.865,2009.569207142857,2043.456585714286,0.04,0.04,0.45183171428571767,0.0,0.0064,0.003999999999996362,-0.06468000000000002,1,2023-04-06 02:30:00,2009.4692071428572,sl,False,-0.5205117142857141,-1.1520034956124534
-1,2023-06-09 12:50:00,2023-06-09 13:20:00,1964.785,1973.142692857143,1948.0696142857144,0.06,0.06,0.501461571428572,0.0,0.0096,0.0012,0.0,2,2023-06-12 16:30:00,1953.375,news_close,False,0.6846000000000049,1.365209298191495
1,2023-06-26 15:10:00,2023-06-26 16:30:00,1924.795,1921.3029642857143,1931.7790714285716,0.14,0.14,0.4888850000000048,0.0,0.022400000000000003,0.01399999999998727,0.0,0,2023-06-26 23:35:00,1921.2029642857144,sl,False,-0.502884999999992,-1.0286365914274054
1,2023-11-17 15:35:00,2023-11-17 15:40:00,1982.345,1979.28495,1988.4651000000001,0.16,0.16,0.4896080000000075,0.0,0.0256,0.01599999999998545,0.0,0,2023-11-17 17:05:00,1979.18495,sl,False,-0.505607999999993,-1.0326792045881301
1,2023-12-15 15:10:00,2023-12-15 17:40:00,2032.265,2026.5749714285714,2043.6450571428575,0.08,0.08,0.4552022857142947,0.0,0.0128,0.007999999999992725,0.0,0,2023-12-15 18:15:00,2026.4749714285715,sl,False,-0.46320228571428745,-1.0175746041947906
1,2024-02-02 14:45:00,2024-02-02 15:05:00,2031.645,2027.29695,2040.3411,0.11,0.11,0.4782855000000063,0.0,0.0176,0.0,-0.05929,1,2024-02-04 23:00:00,2040.3411,tp,False,0.8972810000000127,1.8760363841262193
-1,2024-02-09 15:20:00,2024-02-09 18:05:00,2026.055,2037.2566428571429,2003.6517142857144,0.04,0.04,0.4480657142857126,0.0,0.0064,0.0008,0.0,3,2024-02-13 13:00:00,2028.335,news_close,False,-0.09119999999999891,-0.20354157234589146
1,2024-03-11 09:45:00,2024-03-11 10:05:00,2179.725,2175.6342285714286,2187.9065428571425,0.12,0.12,0.49089257142855786,0.0,0.0192,0.011999999999989085,0.0,0,2024-03-11 13:10:00,2175.5342285714287,sl,False,-0.5028925714285469,-1.02444526704706
1,2024-04-15 10:00:00,2024-04-15 10:30:00,2349.665,2344.700642857143,2359.5937142857138,0.1,0.1,0.4964357142856898,0.0,0.016,0.0,0.0,0,2024-04-15 11:05:00,2359.5937142857138,tp,False,0.9928714285713796,2.0
1,2024-04-19 12:25:00,2024-04-19 13:05:00,2378.635,2372.555357142857,2390.794285714287,0.08,0.08,0.4863714285714741,0.0,0.0128,0.0,0.0,0,2024-04-19 14:20:00,2390.794285714287,tp,False,0.9727428571429482,2.0
1,2024-05-29 13:20:00,2024-05-29 13:40:00,2341.605,2334.1387285714286,2356.537542857143,0.06,0.06,0.44797628571428505,0.0,0.0096,0.005999999999994543,-0.09702,1,2024-05-30 00:35:00,2334.0387285714287,sl,False,-0.5509962857142796,-1.2299675301689958
-1,2024-06-03 12:00:00,2024-06-03 12:20:00,2328.355,2333.2492214285717,2318.5665571428567,0.1,0.1,0.48942214285716545,0.0,0.016,0.009999999999990905,0.0,0,2024-06-03 12:30:00,2333.3492214285716,sl,False,-0.49942214285715636,-1.0204322590343227
1,2024-06-06 13:30:00,2024-06-06 14:15:00,2358.585,2354.05845,2367.6381,0.11,0.11,0.4979205000000047,0.0,0.0176,0.0,0.0,0,2024-06-06 15:05:00,2367.6381,tp,False,0.9958410000000094,2.0
-1,2024-06-10 13:25:00,2024-06-10 13:35:00,2305.108,2308.595414285714,2298.1331714285725,0.14,0.14,0.48823799999993756,0.0,0.022400000000000003,0.01399999999998727,0.0,0,2024-06-10 15:40:00,2308.695414285714,sl,False,-0.5022379999999248,-1.0286745398760215
-1,2024-06-18 15:00:00,2024-06-18 15:15:00,2323.898,2327.8447,2316.0046,0.13,0.13,0.5130709999999954,0.0,0.020800000000000003,0.012999999999988177,0.0,0,2024-06-18 15:40:00,2327.9447,sl,False,-0.5260709999999835,-1.0253376238376135
1,2024-08-02 15:50:00,2024-08-02 16:45:00,2426.988,2410.697992857143,2459.568014285713,0.03,0.03,0.4887002142857,0.0,0.0048,0.0029999999999972713,-0.01617,2,2024-08-05 10:55:00,2410.5979928571433,sl,False,-0.5078702142856972,-1.0392265021369322
-1,2024-08-14 10:15:00,2024-08-14 10:50:00,2473.935,2478.7572857142854,2464.290428571429,0.1,0.1,0.4822285714285499,0.0,0.016,0.002,0.0,0,2024-08-14 12:00:00,2474.848,news_close,False,-0.0913000000000011,-0.1893293044199657
1,2024-09-26 15:20:00,2024-09-26 16:10:00,2664.715,2657.9154,2678.3142000000007,0.07,0.07,0.4759720000000198,0.0,0.011200000000000002,0.0014000000000000002,-0.03773000000000001,1,2024-09-27 12:00:00,2665.955,news_close,False,0.049069999999984716,0.10309429966464975
-1,2024-10-01 15:05:00,2024-10-01 15:25:00,2664.865,2670.9471642857143,2652.700671428571,0.08,0.08,0.48657314285715986,0.0,0.0128,0.007999999999992725,0.0,0,2024-10-01 16:35:00,2671.047164285714,sl,False,-0.4945731428571526,-1.016441515766811
-1,2024-10-08 12:30:00,2024-10-08 12:45:00,2648.795,2652.537792857143,2641.3094142857144,0.13,0.13,0.48656307142856803,0.0,0.020800000000000003,0.0,0.0,0,2024-10-08 13:10:00,2641.3094142857144,tp,False,0.9731261428571361,2.0
-1,2024-11-13 14:35:00,2024-11-13 14:40:00,2608.415,2619.050321428572,2587.1443571428563,0.04,0.04,0.4254128571428737,0.0,0.0064,0.0,0.0,0,2024-11-13 16:55:00,2587.1443571428563,tp,False,0.8508257142857474,2.0
-1,2024-12-19 08:00:00,2024-12-19 08:20:00,2617.215,2622.7129214285715,2606.2191571428575,0.09,0.09,0.4948129285714185,0.0,0.0144,0.008999999999991815,0.0,0,2024-12-19 09:40:00,2622.8129214285714,sl,False,-0.5038129285714104,-1.0181886920901115
1,2025-01-03 09:00:00,2025-01-03 09:05:00,2653.335,2649.7175142857145,2660.569971428571,0.14,0.14,0.506447999999973,0.0,0.022400000000000003,0.01399999999998727,0.0,0,2025-01-03 13:20:00,2649.6175142857146,sl,False,-0.5204479999999604,-1.027643509303992
-1,2025-03-11 14:30:00,2025-03-11 15:00:00,2917.525,2922.402614285714,2907.769771428572,0.1,0.1,0.4877614285714117,0.0,0.016,0.009999999999990905,0.0,1,2025-03-12 09:00:00,2922.502614285714,sl,False,-0.4977614285714026,-1.0205018261269234
1,2025-04-22 14:30:00,2025-04-22 14:45:00,3426.735,3409.6144285714286,3460.9761428571433,0.02,0.02,0.3424114285714313,0.0,0.0032,0.001999999999998181,0.0,0,2025-04-22 16:00:00,3409.5144285714287,sl,False,-0.3444114285714295,-1.0058409265378272
1,2025-04-29 12:50:00,2025-04-29 13:00:00,3309.995,3305.281428571429,3319.422142857142,0.1,0.1,0.47135714285709585,0.0,0.016,0.002,0.0,0,2025-04-29 13:30:00,3316.999,news_close,False,0.7003999999999906,1.485922109410645
-1,2025-05-09 08:15:00,2025-05-09 08:45:00,3326.535,3329.8850714285713,3319.834857142857,0.15,0.15,0.5025107142857222,0.0,0.024,0.014999999999986358,0.0,0,2025-05-09 11:05:00,3329.9850714285712,sl,False,-0.5175107142857086,-1.0298501098057335
-1,2025-05-23 08:00:00,2025-05-23 09:20:00,3330.395,3334.40855,3322.3678999999997,0.12,0.12,0.48162600000001476,0.0,0.0192,0.011999999999989085,0.0,0,2025-05-23 11:40:00,3334.50855,sl,False,-0.49362600000000384,-1.0249155984103613
1,2025-06-16 08:15:00,2025-06-16 08:20:00,3415.648,3408.8254357142855,3429.2931285714294,0.07,0.07,0.4775795000000244,0.0,0.011200000000000002,0.006999999999993635,0.0,0,2025-06-16 13:15:00,3408.7254357142856,sl,False,-0.48457950000001804,-1.0146572455475857
-1,2025-09-25 09:25:00,2025-09-25 09:45:00,3757.109,3761.7182142857146,3747.8905714285706,0.1,0.1,0.4609214285714643,0.0,0.016,0.0,0.0,0,2025-09-25 11:00:00,3747.8905714285706,tp,False,0.9218428571429286,2.0
1,2025-09-25 14:20:00,2025-09-25 14:35:00,3728.775,3721.283907142857,3743.757185714286,0.06,0.06,0.4494655714285818,0.0,0.0096,0.0,0.0,0,2025-09-25 17:55:00,3743.757185714286,tp,False,0.8989311428571636,2.0
-1,2025-11-04 10:00:00,2025-11-04 10:15:00,3995.095,4000.8653357142857,3983.554328571428,0.08,0.08,0.46162685714287366,0.0,0.0128,0.0,0.0,0,2025-11-04 13:25:00,3983.554328571428,tp,False,0.9232537142857473,2.0
1,2025-11-28 10:05:00,2025-11-28 10:25:00,4167.476,4160.5993285714285,4181.229342857142,0.07,0.07,0.48136699999998206,0.0,0.011200000000000002,0.007000000000025467,0.0,0,2025-11-28 10:30:00,4160.499328571428,sl,False,-0.4883670000000075,-1.0145419191594474
1,2025-12-08 14:05:00,2025-12-08 14:35:00,4203.575,4197.0191428571425,4216.6867142857145,0.07,0.07,0.4589100000000145,0.0,0.011200000000000002,0.007000000000025467,0.0,0,2025-12-08 14:45:00,4196.919142857142,sl,False,-0.4659100000000399,-1.015253535551688
-1,2025-12-18 14:25:00,2025-12-18 14:30:00,4337.775,4343.4325,4326.459999999999,0.08,0.08,0.4526000000000204,0.0,0.0128,0.0,0.0,0,2025-12-18 14:35:00,4326.459999999999,tp,False,0.9052000000000407,2.0
-1,2026-01-27 08:25:00,2026-01-27 09:25:00,5087.655,5098.084921428572,5066.795157142856,0.04,0.04,0.41719685714288063,0.0,0.0064,0.004000000000014552,0.0,0,2026-01-27 09:55:00,5098.184921428572,sl,False,-0.4211968571428952,-1.009587799935522
1,2026-03-11 08:10:00,2026-03-11 08:15:00,5194.005,5184.413142857144,5213.188714285713,0.05,0.05,0.4795928571428249,0.0,0.008,0.00500000000001819,0.0,0,2026-03-11 08:25:00,5184.313142857143,sl,False,-0.48459285714284306,-1.0104255097329966
1,2026-03-25 10:50:00,2026-03-25 12:25:00,4551.105,4526.879207142857,4599.556585714285,0.02,0.02,0.484515857142851,0.0,0.0032,0.002000000000007276,0.0,0,2026-03-25 12:30:00,4526.779207142857,sl,False,-0.48651585714285833,-1.0041278318769609
1,2026-04-10 09:15:00,2026-04-10 10:05:00,4743.755,4732.151685714286,4766.961628571428,0.04,0.04,0.4641325714285631,0.0,0.0064,0.0,0.0,0,2026-04-10 11:55:00,4766.961628571428,tp,False,0.9282651428571262,2.0
1,2026-04-15 08:50:00,2026-04-15 09:00:00,4813.418,4803.234185714286,4833.785628571428,0.05,0.05,0.5091907142857054,0.0,0.008,0.00500000000001819,0.0,0,2026-04-15 09:10:00,4803.134185714285,sl,False,-0.5141907142857235,-1.0098195034978832
1,2026-04-16 15:05:00,2026-04-16 16:30:00,4790.175,4771.9632357142855,4826.59852857143,0.02,0.02,0.36423528571429414,0.0,0.0032,0.002000000000007276,-0.010780000000000001,1,2026-04-17 01:10:00,4771.863235714285,sl,False,-0.37701528571430143,-1.0350872101118505
-1,2026-04-24 12:40:00,2026-04-24 13:40:00,4706.425,4717.489285714285,4684.296428571431,0.04,0.04,0.44257142857139115,0.0,0.0064,0.004000000000014552,0.0,0,2026-04-24 14:05:00,4717.589285714285,sl,False,-0.4465714285714057,-1.009038089089769
