direction,sweep_time,sweep_source,sweep_extreme,break_time,block_time,block_top,block_bottom,entry,sl,tp,outcome,sweep_time_thai,break_time_thai,block_time_thai
1,2025-04-22 13:45:00,asian,3408.591,2025-04-22 14:30:00,2025-04-22 14:15:00,3433.808,3424.549,3433.808,3423.523635714286,3454.3767285714284,signal,2025-04-22 20:45:00,2025-04-22 21:30:00,2025-04-22 21:15:00
-1,2025-04-28 15:25:00,prev_day,3336.044,2025-04-28 15:35:00,2025-04-28 15:15:00,3336.044,3329.282,3329.282,3336.6051214285712,3314.635757142858,signal,2025-04-28 22:25:00,2025-04-28 22:35:00,2025-04-28 22:15:00
1,2025-04-29 12:40:00,asian,3303.793,2025-04-29 12:50:00,2025-04-29 12:45:00,3310.227,3306.981,3310.227,3306.5472714285715,3317.5864571428565,signal,2025-04-29 19:40:00,2025-04-29 19:50:00,2025-04-29 19:45:00
1,2025-04-29 13:50:00,asian,3299.712,2025-04-29 13:50:00,,,,,,,no_order_block,2025-04-29 20:50:00,2025-04-29 20:50:00,
1,2025-04-29 14:00:00,asian,3303.54,2025-04-29 14:00:00,2025-04-29 14:00:00,3310.794,3304.957,,,,price_inside_zone,2025-04-29 21:00:00,2025-04-29 21:00:00,2025-04-29 21:00:00
1,2025-04-29 14:10:00,asian,3299.649,2025-04-29 14:10:00,2025-04-29 14:05:00,3307.588,3299.649,3307.588,3299.0104428571426,3324.7431142857154,signal,2025-04-29 21:10:00,2025-04-29 21:10:00,2025-04-29 21:05:00
-1,2025-05-02 12:25:00,asian,3263.942,2025-05-02 12:30:00,,,,,,,no_order_block,2025-05-02 19:25:00,2025-05-02 19:30:00,
-1,2025-05-02 12:45:00,asian,3262.987,2025-05-02 12:45:00,2025-05-02 12:45:00,3257.614,3252.803,,,,price_inside_zone,2025-05-02 19:45:00,2025-05-02 19:45:00,2025-05-02 19:45:00
-1,2025-05-02 15:15:00,asian,3264.195,2025-05-02 15:30:00,2025-05-02 15:10:00,3264.195,3261.556,3261.556,3264.7378785714286,3255.192242857143,signal,2025-05-02 22:15:00,2025-05-02 22:30:00,2025-05-02 22:10:00
-1,2025-05-09 07:45:00,asian,3330.509,2025-05-09 08:15:00,2025-05-09 08:10:00,3324.559,3322.229,,,,sl_too_tight,2025-05-09 14:45:00,2025-05-09 15:15:00,2025-05-09 15:10:00
-1,2025-05-09 14:00:00,asian,3334.55,2025-05-09 14:00:00,,,,,,,no_order_block,2025-05-09 21:00:00,2025-05-09 21:00:00,
1,2025-05-16 09:20:00,asian,3205.116,2025-05-16 09:25:00,2025-05-16 09:15:00,3206.95,3205.116,,,,sl_too_tight,2025-05-16 16:20:00,2025-05-16 16:25:00,2025-05-16 16:15:00
-1,2025-05-20 09:00:00,asian,3237.718,2025-05-20 10:20:00,2025-05-20 10:15:00,3234.847,3233.911,,,,sl_too_tight,2025-05-20 16:00:00,2025-05-20 17:20:00,2025-05-20 17:15:00
-1,2025-05-23 08:00:00,asian,3332.056,2025-05-23 08:00:00,,,,,,,no_order_block,2025-05-23 15:00:00,2025-05-23 15:00:00,
-1,2025-05-23 11:50:00,prev_day,3349.797,2025-05-23 13:30:00,2025-05-23 13:10:00,3356.439,3353.72,3353.72,3357.1301214285713,3346.8997571428567,signal,2025-05-23 18:50:00,2025-05-23 20:30:00,2025-05-23 20:10:00
-1,2025-05-29 09:15:00,asian,3280.496,2025-05-29 09:20:00,,,,,,,no_order_block,2025-05-29 16:15:00,2025-05-29 16:20:00,
-1,2025-05-29 09:45:00,asian,3283.276,2025-05-29 09:45:00,2025-05-29 09:35:00,3283.276,3281.2,,,,sl_too_tight,2025-05-29 16:45:00,2025-05-29 16:45:00,2025-05-29 16:35:00
1,2025-06-03 12:20:00,asian,3349.03,2025-06-03 12:40:00,2025-06-03 12:30:00,3356.301,3352.927,3356.301,3352.597728571429,3363.707542857142,signal,2025-06-03 19:20:00,2025-06-03 19:40:00,2025-06-03 19:30:00
-1,2025-06-09 08:55:00,prev_day,3323.733,2025-06-09 08:55:00,,,,,,,no_order_block,2025-06-09 15:55:00,2025-06-09 15:55:00,
-1,2025-06-09 09:25:00,prev_day,3321.303,2025-06-09 09:25:00,2025-06-09 09:25:00,3319.574,3316.83,,,,price_inside_zone,2025-06-09 16:25:00,2025-06-09 16:25:00,2025-06-09 16:25:00
-1,2025-06-09 09:45:00,prev_day,3322.424,2025-06-09 09:45:00,2025-06-09 09:40:00,3322.424,3321.026,,,,sl_too_tight,2025-06-09 16:45:00,2025-06-09 16:45:00,2025-06-09 16:40:00
-1,2025-06-09 11:50:00,prev_day,3321.31,2025-06-09 11:50:00,,,,,,,no_order_block,2025-06-09 18:50:00,2025-06-09 18:50:00,
-1,2025-06-09 12:40:00,prev_day,3322.432,2025-06-09 13:20:00,2025-06-09 12:55:00,3321.013,3318.076,3318.076,3321.3283071428573,3311.5713857142855,signal,2025-06-09 19:40:00,2025-06-09 20:20:00,2025-06-09 19:55:00
-1,2025-06-09 14:00:00,prev_day,3321.748,2025-06-09 14:00:00,2025-06-09 14:00:00,3321.289,3317.335,,,,price_inside_zone,2025-06-09 21:00:00,2025-06-09 21:00:00,2025-06-09 21:00:00
-1,2025-06-10 11:40:00,prev_day,3342.587,2025-06-10 12:00:00,,,,,,,no_order_block,2025-06-10 18:40:00,2025-06-10 19:00:00,
-1,2025-06-10 12:10:00,asian,3335.87,2025-06-10 12:10:00,,,,,,,no_order_block,2025-06-10 19:10:00,2025-06-10 19:10:00,
-1,2025-06-10 12:35:00,prev_day,3340.279,2025-06-10 12:35:00,2025-06-10 12:30:00,3340.279,3336.807,,,,price_inside_zone,2025-06-10 19:35:00,2025-06-10 19:35:00,2025-06-10 19:30:00
-1,2025-06-10 12:55:00,prev_day,3340.261,2025-06-10 12:55:00,2025-06-10 12:45:00,3340.261,3338.375,,,,sl_too_tight,2025-06-10 19:55:00,2025-06-10 19:55:00,2025-06-10 19:45:00
-1,2025-06-10 13:05:00,prev_day,3339.05,2025-06-10 13:05:00,2025-06-10 13:00:00,3339.05,3335.525,,,,price_inside_zone,2025-06-10 20:05:00,2025-06-10 20:05:00,2025-06-10 20:00:00
1,2025-06-12 09:45:00,asian,3358.055,2025-06-12 09:45:00,2025-06-12 09:35:00,3361.696,3358.055,3361.696,3357.737157142857,3369.6136857142856,signal,2025-06-12 16:45:00,2025-06-12 16:45:00,2025-06-12 16:35:00
1,2025-06-16 08:35:00,asian,3412.41,2025-06-16 09:25:00,2025-06-16 09:15:00,3416.9,3415.114,,,,sl_too_tight,2025-06-16 15:35:00,2025-06-16 16:25:00,2025-06-16 16:15:00
1,2025-06-16 10:30:00,asian,3412.91,2025-06-16 10:30:00,,,,,,,no_order_block,2025-06-16 17:30:00,2025-06-16 17:30:00,
1,2025-06-16 13:30:00,asian,3411.992,2025-06-16 15:25:00,2025-06-16 15:15:00,3402.796,3399.861,3402.796,3399.4991999999997,3409.3896,signal,2025-06-16 20:30:00,2025-06-16 22:25:00,2025-06-16 22:15:00
1,2025-06-23 11:05:00,prev_day,3367.838,2025-06-23 11:05:00,,,,,,,no_order_block,2025-06-23 18:05:00,2025-06-23 18:05:00,
1,2025-06-23 13:35:00,prev_day,3368.291,2025-06-23 13:40:00,,,,,,,no_order_block,2025-06-23 20:35:00,2025-06-23 20:40:00,
1,2025-06-23 14:10:00,prev_day,3369.812,2025-06-23 14:10:00,2025-06-23 14:05:00,3376.377,3369.812,,,,price_inside_zone,2025-06-23 21:10:00,2025-06-23 21:10:00,2025-06-23 21:05:00
-1,2025-06-25 07:45:00,asian,3337.096,2025-06-25 09:05:00,2025-06-25 08:40:00,3330.218,3329.093,,,,sl_too_tight,2025-06-25 14:45:00,2025-06-25 16:05:00,2025-06-25 15:40:00
1,2025-07-02 07:45:00,asian,3327.96,2025-07-02 08:15:00,2025-07-02 08:00:00,3334.667,3333.039,,,,sl_too_tight,2025-07-02 14:45:00,2025-07-02 15:15:00,2025-07-02 15:00:00
-1,2025-07-08 07:20:00,asian,3338.323,2025-07-08 07:30:00,,,,,,,no_order_block,2025-07-08 14:20:00,2025-07-08 14:30:00,
-1,2025-07-10 07:10:00,asian,3329.486,2025-07-10 07:40:00,2025-07-10 07:25:00,3327.178,3325.904,,,,sl_too_tight,2025-07-10 14:10:00,2025-07-10 14:40:00,2025-07-10 14:25:00
-1,2025-07-10 07:55:00,prev_day,3321.514,2025-07-10 07:55:00,2025-07-10 07:55:00,3321.514,3319.867,,,,price_inside_zone,2025-07-10 14:55:00,2025-07-10 14:55:00,2025-07-10 14:55:00
-1,2025-07-10 08:05:00,prev_day,3322.38,2025-07-10 08:05:00,2025-07-10 08:05:00,3322.38,3320.328,,,,price_inside_zone,2025-07-10 15:05:00,2025-07-10 15:05:00,2025-07-10 15:05:00
-1,2025-07-10 08:15:00,prev_day,3321.969,2025-07-10 08:15:00,,,,,,,no_order_block,2025-07-10 15:15:00,2025-07-10 15:15:00,
-1,2025-07-10 09:25:00,asian,3329.729,2025-07-10 10:20:00,2025-07-10 10:15:00,3324.246,3322.658,,,,price_inside_zone,2025-07-10 16:25:00,2025-07-10 17:20:00,2025-07-10 17:15:00
-1,2025-07-10 11:30:00,asian,3329.086,2025-07-10 11:50:00,,,,,,,no_order_block,2025-07-10 18:30:00,2025-07-10 18:50:00,
-1,2025-07-10 11:55:00,prev_day,3326.139,2025-07-10 11:55:00,,,,,,,no_order_block,2025-07-10 18:55:00,2025-07-10 18:55:00,
-1,2025-07-10 12:25:00,prev_day,3321.935,2025-07-10 12:25:00,2025-07-10 12:20:00,3321.935,3317.966,,,,price_inside_zone,2025-07-10 19:25:00,2025-07-10 19:25:00,2025-07-10 19:20:00
-1,2025-07-10 13:05:00,asian,3329.472,2025-07-10 13:05:00,2025-07-10 13:00:00,3329.472,3323.655,,,,price_inside_zone,2025-07-10 20:05:00,2025-07-10 20:05:00,2025-07-10 20:00:00
-1,2025-07-10 13:15:00,asian,3329.319,2025-07-10 13:15:00,,,,,,,no_order_block,2025-07-10 20:15:00,2025-07-10 20:15:00,
-1,2025-07-10 13:45:00,prev_day,3328.268,2025-07-10 13:45:00,,,,,,,no_order_block,2025-07-10 20:45:00,2025-07-10 20:45:00,
-1,2025-07-10 14:20:00,prev_day,3321.614,2025-07-10 14:20:00,2025-07-10 14:15:00,3321.614,3317.848,3317.848,3322.020814285714,3309.5023714285717,signal,2025-07-10 21:20:00,2025-07-10 21:20:00,2025-07-10 21:15:00
-1,2025-07-15 08:15:00,asian,3365.629,2025-07-15 09:15:00,2025-07-15 09:00:00,3364.389,3360.93,3360.93,3364.6593214285717,3353.471357142856,signal,2025-07-15 15:15:00,2025-07-15 16:15:00,2025-07-15 16:00:00
-1,2025-07-15 10:20:00,asian,3366.313,2025-07-15 11:25:00,2025-07-15 11:10:00,3361.343,3359.833,,,,sl_too_tight,2025-07-15 17:20:00,2025-07-15 18:25:00,2025-07-15 18:10:00
-1,2025-07-16 09:10:00,asian,3343.072,2025-07-16 10:05:00,2025-07-16 09:50:00,3341.317,3340.521,,,,sl_too_tight,2025-07-16 16:10:00,2025-07-16 17:05:00,2025-07-16 16:50:00
1,2025-07-17 08:10:00,asian,3325.549,2025-07-17 08:20:00,2025-07-17 08:05:00,3328.079,3327.121,,,,sl_too_tight,2025-07-17 15:10:00,2025-07-17 15:20:00,2025-07-17 15:05:00
1,2025-07-17 09:10:00,asian,3327.488,2025-07-17 09:10:00,,,,,,,no_order_block,2025-07-17 16:10:00,2025-07-17 16:10:00,
1,2025-07-22 07:30:00,asian,3383.24,2025-07-22 07:35:00,,,,,,,no_order_block,2025-07-22 14:30:00,2025-07-22 14:35:00,
1,2025-07-22 07:45:00,asian,3384.227,2025-07-22 07:45:00,2025-07-22 07:45:00,3386.616,3385.518,,,,price_inside_zone,2025-07-22 14:45:00,2025-07-22 14:45:00,2025-07-22 14:45:00
-1,2025-07-28 07:35:00,prev_day,3340.03,2025-07-28 07:35:00,,,,,,,no_order_block,2025-07-28 14:35:00,2025-07-28 14:35:00,
-1,2025-07-28 07:45:00,prev_day,3338.737,2025-07-28 07:45:00,2025-07-28 07:40:00,3338.737,3334.918,,,,price_inside_zone,2025-07-28 14:45:00,2025-07-28 14:45:00,2025-07-28 14:40:00
-1,2025-07-28 08:15:00,prev_day,3338.791,2025-07-28 08:15:00,,,,,,,no_order_block,2025-07-28 15:15:00,2025-07-28 15:15:00,
-1,2025-07-28 08:25:00,prev_day,3338.507,2025-07-28 08:25:00,,,,,,,no_order_block,2025-07-28 15:25:00,2025-07-28 15:25:00,
-1,2025-07-28 08:35:00,prev_day,3337.546,2025-07-28 08:35:00,2025-07-28 08:30:00,3337.546,3335.715,,,,price_inside_zone,2025-07-28 15:35:00,2025-07-28 15:35:00,2025-07-28 15:30:00
-1,2025-07-28 09:05:00,prev_day,3337.871,2025-07-28 09:05:00,2025-07-28 09:05:00,3337.871,3336.425,,,,price_inside_zone,2025-07-28 16:05:00,2025-07-28 16:05:00,2025-07-28 16:05:00
-1,2025-07-28 10:35:00,prev_day,3338.165,2025-07-28 10:35:00,,,,,,,no_order_block,2025-07-28 17:35:00,2025-07-28 17:35:00,
-1,2025-07-28 10:45:00,prev_day,3338.244,2025-07-28 10:45:00,2025-07-28 10:45:00,3338.244,3335.939,,,,price_inside_zone,2025-07-28 17:45:00,2025-07-28 17:45:00,2025-07-28 17:45:00
-1,2025-07-28 10:55:00,prev_day,3337.79,2025-07-28 10:55:00,,,,,,,no_order_block,2025-07-28 17:55:00,2025-07-28 17:55:00,
-1,2025-07-28 11:50:00,prev_day,3338.331,2025-07-28 11:50:00,2025-07-28 11:45:00,3338.331,3336.564,,,,sl_too_tight,2025-07-28 18:50:00,2025-07-28 18:50:00,2025-07-28 18:45:00
-1,2025-07-28 12:05:00,prev_day,3338.369,2025-07-28 12:05:00,2025-07-28 12:00:00,3338.369,3335.476,,,,price_inside_zone,2025-07-28 19:05:00,2025-07-28 19:05:00,2025-07-28 19:00:00
-1,2025-07-29 10:55:00,asian,3325.75,2025-07-29 10:55:00,2025-07-29 10:50:00,3325.094,3323.787,,,,sl_too_tight,2025-07-29 17:55:00,2025-07-29 17:55:00,2025-07-29 17:50:00
-1,2025-07-29 13:30:00,asian,3323.06,2025-07-29 13:30:00,,,,,,,no_order_block,2025-07-29 20:30:00,2025-07-29 20:30:00,
-1,2025-07-30 10:00:00,asian,3334.052,2025-07-30 10:15:00,2025-07-30 10:10:00,3331.16,3327.881,,,,price_inside_zone,2025-07-30 17:00:00,2025-07-30 17:15:00,2025-07-30 17:10:00
-1,2025-07-31 07:55:00,asian,3309.771,2025-07-31 09:25:00,2025-07-31 09:10:00,3312.456,3310.435,,,,sl_too_tight,2025-07-31 14:55:00,2025-07-31 16:25:00,2025-07-31 16:10:00
-1,2025-07-31 10:15:00,asian,3308.146,2025-07-31 10:15:00,2025-07-31 10:00:00,3308.146,3306.243,,,,sl_too_tight,2025-07-31 17:15:00,2025-07-31 17:15:00,2025-07-31 17:00:00
-1,2025-07-31 10:25:00,asian,3305.714,2025-07-31 10:25:00,2025-07-31 10:25:00,3305.714,3303.719,,,,price_inside_zone,2025-07-31 17:25:00,2025-07-31 17:25:00,2025-07-31 17:25:00
-1,2025-07-31 10:35:00,asian,3305.122,2025-07-31 10:35:00,,,,,,,no_order_block,2025-07-31 17:35:00,2025-07-31 17:35:00,
-1,2025-07-31 13:40:00,asian,3308.881,2025-07-31 13:40:00,,,,,,,no_order_block,2025-07-31 20:40:00,2025-07-31 20:40:00,
1,2025-08-04 07:30:00,prev_day,3351.732,2025-08-04 07:30:00,,,,,,,no_order_block,2025-08-04 14:30:00,2025-08-04 14:30:00,
1,2025-08-04 07:40:00,prev_day,3353.998,2025-08-04 07:40:00,,,,,,,no_order_block,2025-08-04 14:40:00,2025-08-04 14:40:00,
1,2025-08-04 07:50:00,prev_day,3353.545,2025-08-04 07:50:00,2025-08-04 07:45:00,3355.071,3353.545,,,,sl_too_tight,2025-08-04 14:50:00,2025-08-04 14:50:00,2025-08-04 14:45:00
1,2025-08-04 08:00:00,prev_day,3354.081,2025-08-04 08:00:00,2025-08-04 08:00:00,3356.211,3354.081,,,,price_inside_zone,2025-08-04 15:00:00,2025-08-04 15:00:00,2025-08-04 15:00:00
1,2025-08-04 10:25:00,prev_day,3352.886,2025-08-04 11:10:00,2025-08-04 10:55:00,3358.347,3356.959,,,,sl_too_tight,2025-08-04 17:25:00,2025-08-04 18:10:00,2025-08-04 17:55:00
1,2025-08-05 12:55:00,asian,3363.916,2025-08-05 12:55:00,,,,,,,no_order_block,2025-08-05 19:55:00,2025-08-05 19:55:00,
1,2025-08-06 13:50:00,asian,3365.611,2025-08-06 13:50:00,,,,,,,no_order_block,2025-08-06 20:50:00,2025-08-06 20:50:00,
1,2025-08-06 14:10:00,asian,3369.426,2025-08-06 14:10:00,,,,,,,no_order_block,2025-08-06 21:10:00,2025-08-06 21:10:00,
1,2025-08-06 15:45:00,asian,3370.044,2025-08-06 15:45:00,,,,,,,no_order_block,2025-08-06 22:45:00,2025-08-06 22:45:00,
-1,2025-08-12 12:50:00,asian,3357.985,2025-08-12 13:35:00,2025-08-12 13:25:00,3348.536,3344.232,3344.232,3349.215592857143,3334.2648142857142,signal,2025-08-12 19:50:00,2025-08-12 20:35:00,2025-08-12 20:25:00
-1,2025-08-13 07:50:00,asian,3358.783,2025-08-13 08:00:00,,,,,,,no_order_block,2025-08-13 14:50:00,2025-08-13 15:00:00,
-1,2025-08-20 07:55:00,asian,3326.064,2025-08-20 08:10:00,2025-08-20 08:05:00,3324.948,3323.029,,,,sl_too_tight,2025-08-20 14:55:00,2025-08-20 15:10:00,2025-08-20 15:05:00
-1,2025-08-20 10:20:00,asian,3326.469,2025-08-20 10:20:00,,,,,,,no_order_block,2025-08-20 17:20:00,2025-08-20 17:20:00,
-1,2025-08-20 14:00:00,prev_day,3346.052,2025-08-20 15:50:00,2025-08-20 15:35:00,3342.356,3339.906,,,,sl_too_tight,2025-08-20 21:00:00,2025-08-20 22:50:00,2025-08-20 22:35:00
1,2025-08-21 12:00:00,asian,3332.783,2025-08-21 12:30:00,2025-08-21 12:25:00,3338.194,3336.397,,,,sl_too_tight,2025-08-21 19:00:00,2025-08-21 19:30:00,2025-08-21 19:25:00
1,2025-08-22 08:25:00,asian,3325.332,2025-08-22 08:25:00,,,,,,,no_order_block,2025-08-22 15:25:00,2025-08-22 15:25:00,
1,2025-08-22 12:50:00,asian,3323.541,2025-08-22 13:30:00,2025-08-22 13:10:00,3327.04,3324.37,,,,sl_too_tight,2025-08-22 19:50:00,2025-08-22 20:30:00,2025-08-22 20:10:00
1,2025-08-25 09:40:00,prev_day,3362.102,2025-08-25 09:40:00,,,,,,,no_order_block,2025-08-25 16:40:00,2025-08-25 16:40:00,
1,2025-08-25 09:55:00,prev_day,3365.843,2025-08-25 09:55:00,2025-08-25 09:55:00,3368.034,3366.914,,,,price_inside_zone,2025-08-25 16:55:00,2025-08-25 16:55:00,2025-08-25 16:55:00
1,2025-08-25 10:30:00,prev_day,3365.131,2025-08-25 10:30:00,2025-08-25 10:25:00,3366.619,3365.131,,,,sl_too_tight,2025-08-25 17:30:00,2025-08-25 17:30:00,2025-08-25 17:25:00
1,2025-08-25 10:55:00,prev_day,3365.16,2025-08-25 10:55:00,,,,,,,no_order_block,2025-08-25 17:55:00,2025-08-25 17:55:00,
1,2025-08-25 11:05:00,prev_day,3365.687,2025-08-25 11:05:00,,,,,,,no_order_block,2025-08-25 18:05:00,2025-08-25 18:05:00,
1,2025-08-25 12:45:00,prev_day,3365.165,2025-08-25 12:45:00,,,,,,,no_order_block,2025-08-25 19:45:00,2025-08-25 19:45:00,
1,2025-08-25 13:35:00,prev_day,3363.699,2025-08-25 13:55:00,,,,,,,no_order_block,2025-08-25 20:35:00,2025-08-25 20:55:00,
1,2025-08-27 07:20:00,asian,3373.755,2025-08-27 08:00:00,2025-08-27 07:20:00,3375.579,3374.167,,,,sl_too_tight,2025-08-27 14:20:00,2025-08-27 15:00:00,2025-08-27 14:20:00
1,2025-08-27 11:40:00,asian,3373.698,2025-08-27 12:20:00,2025-08-27 12:00:00,3377.427,3375.561,,,,sl_too_tight,2025-08-27 18:40:00,2025-08-27 19:20:00,2025-08-27 19:00:00
1,2025-08-29 07:40:00,asian,3406.607,2025-08-29 08:00:00,,,,,,,no_order_block,2025-08-29 14:40:00,2025-08-29 15:00:00,
1,2025-08-29 11:30:00,asian,3405.502,2025-08-29 11:30:00,,,,,,,no_order_block,2025-08-29 18:30:00,2025-08-29 18:30:00,
1,2025-08-29 12:20:00,asian,3406.708,2025-08-29 12:20:00,2025-08-29 12:20:00,3410.943,3408.308,,,,price_inside_zone,2025-08-29 19:20:00,2025-08-29 19:20:00,2025-08-29 19:20:00
1,2025-09-02 08:35:00,asian,3476.64,2025-09-02 08:35:00,,,,,,,no_order_block,2025-09-02 15:35:00,2025-09-02 15:35:00,
1,2025-09-02 08:55:00,asian,3474.874,2025-09-02 08:55:00,,,,,,,no_order_block,2025-09-02 15:55:00,2025-09-02 15:55:00,
1,2025-09-02 09:10:00,asian,3475.987,2025-09-02 09:10:00,,,,,,,no_order_block,2025-09-02 16:10:00,2025-09-02 16:10:00,
1,2025-09-02 09:50:00,asian,3476.468,2025-09-02 09:50:00,2025-09-02 09:50:00,3478.778,3476.468,,,,price_inside_zone,2025-09-02 16:50:00,2025-09-02 16:50:00,2025-09-02 16:50:00
1,2025-09-02 10:05:00,asian,3475.705,2025-09-02 10:05:00,2025-09-02 10:00:00,3477.197,3475.705,,,,sl_too_tight,2025-09-02 17:05:00,2025-09-02 17:05:00,2025-09-02 17:00:00
1,2025-09-02 12:45:00,asian,3474.19,2025-09-02 13:40:00,2025-09-02 13:30:00,3488.676,3478.984,3488.676,3478.4525214285713,3509.122957142857,signal,2025-09-02 19:45:00,2025-09-02 20:40:00,2025-09-02 20:30:00
1,2025-09-05 09:05:00,asian,3545.96,2025-09-05 09:40:00,2025-09-05 09:25:00,3549.604,3548.254,,,,sl_too_tight,2025-09-05 16:05:00,2025-09-05 16:40:00,2025-09-05 16:25:00
-1,2025-09-10 09:00:00,asian,3647.664,2025-09-10 11:00:00,2025-09-10 10:50:00,3657.622,3656.248,,,,sl_too_tight,2025-09-10 16:00:00,2025-09-10 18:00:00,2025-09-10 17:50:00
-1,2025-09-10 12:45:00,asian,3657.417,2025-09-10 12:45:00,2025-09-10 12:40:00,3650.725,3646.09,3646.09,3651.1082785714284,3636.0534428571436,signal,2025-09-10 19:45:00,2025-09-10 19:45:00,2025-09-10 19:40:00
-1,2025-09-10 13:10:00,asian,3648.416,2025-09-10 13:10:00,2025-09-10 13:05:00,3648.416,3642.196,,,,price_inside_zone,2025-09-10 20:10:00,2025-09-10 20:10:00,2025-09-10 20:05:00
-1,2025-09-10 13:20:00,asian,3649.149,2025-09-10 13:20:00,2025-09-10 13:20:00,3647.939,3646.011,,,,price_inside_zone,2025-09-10 20:20:00,2025-09-10 20:20:00,2025-09-10 20:20:00
-1,2025-09-10 14:50:00,asian,3649.572,2025-09-10 14:50:00,,,,,,,no_order_block,2025-09-10 21:50:00,2025-09-10 21:50:00,
-1,2025-09-10 15:00:00,asian,3648.059,2025-09-10 15:00:00,,,,,,,no_order_block,2025-09-10 22:00:00,2025-09-10 22:00:00,
-1,2025-09-10 15:15:00,asian,3648.284,2025-09-10 15:15:00,2025-09-10 15:10:00,3648.284,3645.606,,,,price_inside_zone,2025-09-10 22:15:00,2025-09-10 22:15:00,2025-09-10 22:10:00
-1,2025-09-10 15:25:00,asian,3648.654,2025-09-10 15:25:00,2025-09-10 15:25:00,3644.632,3638.438,,,,price_inside_zone,2025-09-10 22:25:00,2025-09-10 22:25:00,2025-09-10 22:25:00
-1,2025-09-10 15:40:00,asian,3647.736,2025-09-10 15:40:00,2025-09-10 15:40:00,3647.619,3646.089,,,,price_inside_zone,2025-09-10 22:40:00,2025-09-10 22:40:00,2025-09-10 22:40:00
-1,2025-09-10 15:50:00,asian,3648.421,2025-09-10 15:50:00,2025-09-10 15:45:00,3648.421,3647.113,,,,price_inside_zone,2025-09-10 22:50:00,2025-09-10 22:50:00,2025-09-10 22:45:00
-1,2025-09-15 10:20:00,prev_day,3646.219,2025-09-15 10:20:00,2025-09-15 10:20:00,3646.219,3644.565,,,,price_inside_zone,2025-09-15 17:20:00,2025-09-15 17:20:00,2025-09-15 17:20:00
-1,2025-09-15 10:30:00,prev_day,3646.378,2025-09-15 10:30:00,2025-09-15 10:25:00,3646.378,3644.818,,,,price_inside_zone,2025-09-15 17:30:00,2025-09-15 17:30:00,2025-09-15 17:25:00
-1,2025-09-15 11:45:00,prev_day,3646.698,2025-09-15 11:45:00,,,,,,,no_order_block,2025-09-15 18:45:00,2025-09-15 18:45:00,
-1,2025-09-18 11:20:00,asian,3670.941,2025-09-18 11:30:00,,,,,,,no_order_block,2025-09-18 18:20:00,2025-09-18 18:30:00,
-1,2025-09-18 12:30:00,asian,3672.447,2025-09-18 12:30:00,,,,,,,no_order_block,2025-09-18 19:30:00,2025-09-18 19:30:00,
-1,2025-09-25 07:40:00,asian,3752.22,2025-09-25 09:25:00,2025-09-25 09:10:00,3757.078,3754.44,,,,sl_too_tight,2025-09-25 14:40:00,2025-09-25 16:25:00,2025-09-25 16:10:00
1,2025-09-25 14:20:00,asian,3725.833,2025-09-25 14:20:00,,,,,,,no_order_block,2025-09-25 21:20:00,2025-09-25 21:20:00,
1,2025-09-25 15:05:00,asian,3724.726,2025-09-25 15:05:00,2025-09-25 15:00:00,3731.888,3727.916,,,,price_inside_zone,2025-09-25 22:05:00,2025-09-25 22:05:00,2025-09-25 22:00:00
1,2025-09-25 15:35:00,asian,3729.076,2025-09-25 15:35:00,2025-09-25 15:35:00,3734.702,3732.294,,,,price_inside_zone,2025-09-25 22:35:00,2025-09-25 22:35:00,2025-09-25 22:35:00
1,2025-09-30 14:05:00,asian,3820.381,2025-09-30 14:05:00,,,,,,,no_order_block,2025-09-30 21:05:00,2025-09-30 21:05:00,
-1,2025-10-03 07:30:00,asian,3863.118,2025-10-03 09:15:00,2025-10-03 08:55:00,3865.43,3862.856,,,,sl_too_tight,2025-10-03 14:30:00,2025-10-03 16:15:00,2025-10-03 15:55:00
1,2025-10-07 09:05:00,asian,3950.626,2025-10-07 09:05:00,2025-10-07 08:55:00,3952.169,3950.626,,,,sl_too_tight,2025-10-07 16:05:00,2025-10-07 16:05:00,2025-10-07 15:55:00
-1,2025-10-09 13:35:00,asian,4056.714,2025-10-09 13:40:00,,,,,,,no_order_block,2025-10-09 20:35:00,2025-10-09 20:40:00,
-1,2025-11-03 09:20:00,asian,4022.22,2025-11-03 09:25:00,,,,,,,no_order_block,2025-11-03 16:20:00,2025-11-03 16:25:00,
-1,2025-11-03 09:40:00,prev_day,4005.44,2025-11-03 09:40:00,2025-11-03 09:35:00,4005.44,4002.623,4002.623,4005.9791714285716,3995.910657142857,signal,2025-11-03 16:40:00,2025-11-03 16:40:00,2025-11-03 16:35:00
-1,2025-11-03 10:00:00,prev_day,4005.28,2025-11-03 10:00:00,2025-11-03 09:50:00,4005.28,4000.239,4000.239,4005.8778071428574,3988.9613857142854,signal,2025-11-03 17:00:00,2025-11-03 17:00:00,2025-11-03 16:50:00
-1,2025-11-03 10:15:00,prev_day,3999.633,2025-11-03 10:15:00,2025-11-03 10:15:00,3999.303,3996.671,,,,price_inside_zone,2025-11-03 17:15:00,2025-11-03 17:15:00,2025-11-03 17:15:00
-1,2025-11-03 10:30:00,prev_day,4000.904,2025-11-03 10:30:00,2025-11-03 10:30:00,3998.454,3994.441,,,,price_inside_zone,2025-11-03 17:30:00,2025-11-03 17:30:00,2025-11-03 17:30:00
-1,2025-11-03 10:40:00,prev_day,4001.346,2025-11-03 10:40:00,2025-11-03 10:35:00,4001.346,3997.67,,,,price_inside_zone,2025-11-03 17:40:00,2025-11-03 17:40:00,2025-11-03 17:35:00
-1,2025-11-03 11:00:00,prev_day,3999.785,2025-11-03 11:00:00,,,,,,,no_order_block,2025-11-03 18:00:00,2025-11-03 18:00:00,
-1,2025-11-03 14:25:00,asian,4020.439,2025-11-03 14:25:00,2025-11-03 14:20:00,4020.439,4015.255,4015.255,4020.89355,4003.977900000001,signal,2025-11-03 21:25:00,2025-11-03 21:25:00,2025-11-03 21:20:00
-1,2025-11-04 09:40:00,asian,3999.421,2025-11-04 10:00:00,,,,,,,no_order_block,2025-11-04 16:40:00,2025-11-04 17:00:00,
-1,2025-11-04 11:55:00,asian,4000.175,2025-11-04 12:25:00,2025-11-04 12:15:00,3997.494,3995.98,,,,sl_too_tight,2025-11-04 18:55:00,2025-11-04 19:25:00,2025-11-04 19:15:00
-1,2025-11-05 09:10:00,asian,3980.739,2025-11-05 09:10:00,,,,,,,no_order_block,2025-11-05 16:10:00,2025-11-05 16:10:00,
-1,2025-11-18 11:50:00,asian,4045.311,2025-11-18 12:20:00,2025-11-18 12:15:00,4043.336,4037.296,4037.296,4043.7808857142854,4024.3262285714286,signal,2025-11-18 18:50:00,2025-11-18 19:20:00,2025-11-18 19:15:00
1,2025-11-20 08:55:00,prev_day,4053.064,2025-11-20 08:55:00,,,,,,,no_order_block,2025-11-20 15:55:00,2025-11-20 15:55:00,
1,2025-11-20 11:35:00,prev_day,4054.481,2025-11-20 12:05:00,2025-11-20 11:45:00,4066.735,4058.776,4066.735,4058.2652357142856,4083.674528571429,signal,2025-11-20 18:35:00,2025-11-20 19:05:00,2025-11-20 18:45:00
-1,2025-11-21 14:05:00,asian,4083.968,2025-11-21 15:35:00,2025-11-21 15:20:00,4074.955,4067.504,4067.504,4075.6502214285715,4051.2115571428567,signal,2025-11-21 21:05:00,2025-11-21 22:35:00,2025-11-21 22:20:00
1,2025-11-24 09:05:00,prev_day,4063.081,2025-11-24 09:05:00,,,,,,,no_order_block,2025-11-24 16:05:00,2025-11-24 16:05:00,
1,2025-11-24 09:55:00,prev_day,4065.542,2025-11-24 09:55:00,,,,,,,no_order_block,2025-11-24 16:55:00,2025-11-24 16:55:00,
1,2025-11-24 12:15:00,prev_day,4065.635,2025-11-24 12:30:00,2025-11-24 12:15:00,4070.372,4067.432,4070.372,4067.1114714285713,4076.893057142857,signal,2025-11-24 19:15:00,2025-11-24 19:30:00,2025-11-24 19:15:00
1,2025-11-25 09:35:00,asian,4121.82,2025-11-25 10:00:00,2025-11-25 09:50:00,4130.489,4125.965,4130.489,4125.470485714286,4140.526028571427,signal,2025-11-25 16:35:00,2025-11-25 17:00:00,2025-11-25 16:50:00
1,2025-11-25 12:50:00,asian,4115.964,2025-11-25 13:05:00,,,,,,,no_order_block,2025-11-25 19:50:00,2025-11-25 20:05:00,
-1,2025-12-02 14:30:00,asian,4230.859,2025-12-02 15:15:00,2025-12-02 14:45:00,4225.814,4214.39,4214.39,4226.499057142857,4190.171885714287,signal,2025-12-02 21:30:00,2025-12-02 22:15:00,2025-12-02 21:45:00
1,2025-12-08 14:05:00,asian,4197.348,2025-12-08 14:10:00,,,,,,,no_order_block,2025-12-08 21:05:00,2025-12-08 21:10:00,
1,2025-12-08 14:50:00,asian,4195.701,2025-12-08 14:50:00,2025-12-08 14:50:00,4204.051,4200.807,,,,price_inside_zone,2025-12-08 21:50:00,2025-12-08 21:50:00,2025-12-08 21:50:00
1,2025-12-10 13:45:00,asian,4196.021,2025-12-10 13:45:00,,,,,,,no_order_block,2025-12-10 20:45:00,2025-12-10 20:45:00,
1,2025-12-10 14:05:00,asian,4198.999,2025-12-10 14:05:00,2025-12-10 14:00:00,4202.268,4198.999,4202.268,4198.587957142857,4209.6280857142865,signal,2025-12-10 21:05:00,2025-12-10 21:05:00,2025-12-10 21:00:00
-1,2025-12-16 14:05:00,asian,4320.141,2025-12-16 15:15:00,2025-12-16 15:05:00,4335.137,4329.381,4329.381,4335.8878428571425,4316.367314285716,signal,2025-12-16 21:05:00,2025-12-16 22:15:00,2025-12-16 22:05:00
1,2025-12-17 10:40:00,asian,4306.453,2025-12-17 12:15:00,2025-12-17 12:05:00,4317.621,4315.748,,,,sl_too_tight,2025-12-17 17:40:00,2025-12-17 19:15:00,2025-12-17 19:05:00
1,2025-12-18 09:40:00,asian,4321.193,2025-12-18 10:40:00,2025-12-18 10:35:00,4325.565,4323.09,,,,sl_too_tight,2025-12-18 16:40:00,2025-12-18 17:40:00,2025-12-18 17:35:00
-1,2025-12-18 13:55:00,asian,4343.102,2025-12-18 14:25:00,2025-12-18 14:05:00,4341.469,4336.773,4336.773,4342.059557142858,4326.199885714285,signal,2025-12-18 20:55:00,2025-12-18 21:25:00,2025-12-18 21:05:00
1,2025-12-23 14:35:00,asian,4449.094,2025-12-23 15:35:00,2025-12-23 15:25:00,4449.942,4439.426,4449.942,4438.36365,4473.0987,signal,2025-12-23 21:35:00,2025-12-23 22:35:00,2025-12-23 22:25:00
-1,2025-12-30 07:50:00,asian,4383.566,2025-12-30 08:20:00,2025-12-30 08:05:00,4372.387,4366.303,4366.303,4372.959128571429,4352.990742857142,signal,2025-12-30 14:50:00,2025-12-30 15:20:00,2025-12-30 15:05:00
-1,2025-12-30 13:40:00,asian,4397.557,2025-12-30 13:40:00,,,,,,,no_order_block,2025-12-30 20:40:00,2025-12-30 20:40:00,
-1,2025-12-30 14:35:00,asian,4392.275,2025-12-30 14:40:00,,,,,,,no_order_block,2025-12-30 21:35:00,2025-12-30 21:40:00,
1,2026-01-08 13:15:00,prev_day,4417.267,2026-01-08 13:20:00,,,,,,,no_order_block,2026-01-08 20:15:00,2026-01-08 20:20:00,
1,2026-01-08 14:00:00,prev_day,4420.992,2026-01-08 14:00:00,,,,,,,no_order_block,2026-01-08 21:00:00,2026-01-08 21:00:00,
1,2026-01-08 14:15:00,prev_day,4418.924,2026-01-08 14:15:00,2026-01-08 14:10:00,4428.031,4422.135,,,,price_inside_zone,2026-01-08 21:15:00,2026-01-08 21:15:00,2026-01-08 21:10:00
1,2026-01-08 14:25:00,prev_day,4420.608,2026-01-08 14:25:00,2026-01-08 14:25:00,4430.095,4426.38,,,,price_inside_zone,2026-01-08 21:25:00,2026-01-08 21:25:00,2026-01-08 21:25:00
1,2026-01-08 14:35:00,prev_day,4421.837,2026-01-08 14:35:00,2026-01-08 14:35:00,4435.448,4429.15,,,,price_inside_zone,2026-01-08 21:35:00,2026-01-08 21:35:00,2026-01-08 21:35:00
-1,2026-01-15 11:45:00,asian,4621.763,2026-01-15 11:45:00,,,,,,,no_order_block,2026-01-15 18:45:00,2026-01-15 18:45:00,
-1,2026-01-15 12:05:00,asian,4620.792,2026-01-15 12:05:00,,,,,,,no_order_block,2026-01-15 19:05:00,2026-01-15 19:05:00,
-1,2026-01-15 12:30:00,asian,4618.667,2026-01-15 12:30:00,2026-01-15 12:25:00,4618.667,4615.695,4615.695,4618.949528571429,4609.185942857141,signal,2026-01-15 19:30:00,2026-01-15 19:30:00,2026-01-15 19:25:00
-1,2026-01-15 12:45:00,asian,4618.683,2026-01-15 12:45:00,2026-01-15 12:40:00,4618.683,4616.396,,,,sl_too_tight,2026-01-15 19:45:00,2026-01-15 19:45:00,2026-01-15 19:40:00
-1,2026-01-16 15:20:00,asian,4617.718,2026-01-16 15:20:00,,,,,,,no_order_block,2026-01-16 22:20:00,2026-01-16 22:20:00,
1,2026-01-23 12:35:00,asian,4931.064,2026-01-23 12:35:00,,,,,,,no_order_block,2026-01-23 19:35:00,2026-01-23 19:35:00,
1,2026-01-23 12:45:00,asian,4932.308,2026-01-23 12:45:00,2026-01-23 12:40:00,4939.073,4932.308,,,,price_inside_zone,2026-01-23 19:45:00,2026-01-23 19:45:00,2026-01-23 19:40:00
1,2026-01-23 13:05:00,asian,4933.626,2026-01-23 13:05:00,2026-01-23 13:05:00,4947.993,4940.839,,,,price_inside_zone,2026-01-23 20:05:00,2026-01-23 20:05:00,2026-01-23 20:05:00
1,2026-01-23 14:35:00,asian,4932.804,2026-01-23 14:45:00,,,,,,,no_order_block,2026-01-23 21:35:00,2026-01-23 21:45:00,
-1,2026-01-27 07:50:00,asian,5096.355,2026-01-27 08:25:00,2026-01-27 08:10:00,5086.644,5081.162,5081.162,5087.292271428571,5068.901457142858,signal,2026-01-27 14:50:00,2026-01-27 15:25:00,2026-01-27 15:10:00
-1,2026-01-27 10:20:00,asian,5098.092,2026-01-27 11:45:00,2026-01-27 11:35:00,5088.057,5085.29,5085.29,5088.479307142857,5078.911385714287,signal,2026-01-27 17:20:00,2026-01-27 18:45:00,2026-01-27 18:35:00
1,2026-02-16 08:00:00,prev_day,5003.655,2026-02-16 08:00:00,,,,,,,no_order_block,2026-02-16 15:00:00,2026-02-16 15:00:00,
1,2026-02-16 09:00:00,prev_day,5003.43,2026-02-16 09:00:00,2026-02-16 08:45:00,5007.567,5003.43,5007.567,5002.910414285715,5016.88017142857,signal,2026-02-16 16:00:00,2026-02-16 16:00:00,2026-02-16 15:45:00
1,2026-02-16 09:10:00,prev_day,5007.689,2026-02-16 09:10:00,,,,,,,no_order_block,2026-02-16 16:10:00,2026-02-16 16:10:00,
1,2026-02-16 09:35:00,prev_day,5009.988,2026-02-16 09:35:00,2026-02-16 09:30:00,5013.811,5009.988,5013.811,5009.5980500000005,5022.236899999998,signal,2026-02-16 16:35:00,2026-02-16 16:35:00,2026-02-16 16:30:00
1,2026-02-16 09:50:00,prev_day,5008.513,2026-02-16 09:50:00,,,,,,,no_order_block,2026-02-16 16:50:00,2026-02-16 16:50:00,
-1,2026-02-18 07:15:00,asian,4942.381,2026-02-18 07:15:00,,,,,,,no_order_block,2026-02-18 14:15:00,2026-02-18 14:15:00,
-1,2026-02-18 07:30:00,asian,4941.409,2026-02-18 07:30:00,2026-02-18 07:25:00,4941.409,4933.599,,,,price_inside_zone,2026-02-18 14:30:00,2026-02-18 14:30:00,2026-02-18 14:25:00
-1,2026-02-18 07:40:00,asian,4940.58,2026-02-18 07:40:00,,,,,,,no_order_block,2026-02-18 14:40:00,2026-02-18 14:40:00,
1,2026-02-23 08:45:00,asian,5124.841,2026-02-23 08:55:00,,,,,,,no_order_block,2026-02-23 15:45:00,2026-02-23 15:55:00,
1,2026-02-24 13:40:00,asian,5133.107,2026-02-24 15:15:00,2026-02-24 15:00:00,5129.757,5117.924,5129.757,5116.686821428571,5155.897357142856,signal,2026-02-24 20:40:00,2026-02-24 22:15:00,2026-02-24 22:00:00
1,2026-03-02 15:10:00,prev_day,5310.635,2026-03-02 15:35:00,2026-03-02 15:25:00,5338.902,5326.81,5338.902,5324.779042857143,5367.147914285713,signal,2026-03-02 22:10:00,2026-03-02 22:35:00,2026-03-02 22:25:00
1,2026-03-03 07:00:00,asian,5301.552,2026-03-03 07:30:00,2026-03-03 07:20:00,5318.009,5310.893,5318.009,5309.878707142857,5334.269585714286,signal,2026-03-03 14:00:00,2026-03-03 14:30:00,2026-03-03 14:20:00
-1,2026-03-04 11:00:00,asian,5193.547,2026-03-04 12:15:00,2026-03-04 12:00:00,5206.031,5191.866,5191.866,5206.6942071428575,5162.209585714285,signal,2026-03-04 18:00:00,2026-03-04 19:15:00,2026-03-04 19:00:00
1,2026-03-11 07:40:00,asian,5184.429,2026-03-11 08:10:00,2026-03-11 08:00:00,5196.513,5187.725,5196.513,5187.199271428572,5215.140457142857,signal,2026-03-11 14:40:00,2026-03-11 15:10:00,2026-03-11 15:00:00
1,2026-03-11 09:25:00,asian,5185.32,2026-03-11 09:30:00,,,,,,,no_order_block,2026-03-11 16:25:00,2026-03-11 16:30:00,
1,2026-03-11 10:00:00,asian,5186.431,2026-03-11 10:00:00,2026-03-11 09:55:00,5191.958,5186.431,,,,price_inside_zone,2026-03-11 17:00:00,2026-03-11 17:00:00,2026-03-11 16:55:00
1,2026-03-11 12:05:00,asian,5175.047,2026-03-11 12:10:00,2026-03-11 11:55:00,5183.358,5175.047,5183.358,5174.455321428571,5201.163357142859,signal,2026-03-11 19:05:00,2026-03-11 19:10:00,2026-03-11 18:55:00
1,2026-03-11 14:15:00,asian,5180.463,2026-03-11 14:15:00,2026-03-11 14:15:00,5191.528,5186.379,,,,price_inside_zone,2026-03-11 21:15:00,2026-03-11 21:15:00,2026-03-11 21:15:00
1,2026-03-11 14:25:00,asian,5182.177,2026-03-11 14:25:00,,,,,,,no_order_block,2026-03-11 21:25:00,2026-03-11 21:25:00,
1,2026-03-11 14:45:00,asian,5174.185,2026-03-11 14:45:00,2026-03-11 14:40:00,5185.842,5174.185,5185.842,5173.142578571429,5211.240842857141,signal,2026-03-11 21:45:00,2026-03-11 21:45:00,2026-03-11 21:40:00
-1,2026-03-12 11:15:00,asian,5183.944,2026-03-12 11:15:00,2026-03-12 11:05:00,5182.329,5180.304,,,,sl_too_tight,2026-03-12 18:15:00,2026-03-12 18:15:00,2026-03-12 18:05:00
-1,2026-03-12 12:05:00,asian,5180.346,2026-03-12 12:05:00,,,,,,,no_order_block,2026-03-12 19:05:00,2026-03-12 19:05:00,
-1,2026-03-12 12:35:00,asian,5175.944,2026-03-12 12:35:00,2026-03-12 12:30:00,5175.944,5169.989,,,,price_inside_zone,2026-03-12 19:35:00,2026-03-12 19:35:00,2026-03-12 19:30:00
-1,2026-03-12 13:15:00,asian,5185.682,2026-03-12 13:30:00,2026-03-12 13:10:00,5184.673,5181.398,5181.398,5185.399428571428,5173.3951428571445,signal,2026-03-12 20:15:00,2026-03-12 20:30:00,2026-03-12 20:10:00
-1,2026-03-16 14:10:00,asian,5038.124,2026-03-16 14:25:00,2026-03-16 14:05:00,5038.124,5029.83,5029.83,5038.9518071428565,5011.586385714287,signal,2026-03-16 21:10:00,2026-03-16 21:25:00,2026-03-16 21:05:00
-1,2026-03-23 15:10:00,asian,4486.934,2026-03-23 15:35:00,2026-03-23 15:20:00,4459.748,4430.982,4430.982,4462.065028571428,4368.815942857143,signal,2026-03-23 22:10:00,2026-03-23 22:35:00,2026-03-23 22:20:00
1,2026-03-25 09:50:00,asian,4527.478,2026-03-25 10:50:00,2026-03-25 10:40:00,4558.06,4551.482,4558.06,4550.6794,4572.821200000001,signal,2026-03-25 16:50:00,2026-03-25 17:50:00,2026-03-25 17:40:00
-1,2026-04-06 07:00:00,prev_day,4667.858,2026-04-06 07:15:00,2026-04-06 06:55:00,4666.278,4658.352,4658.352,4666.954978571429,4641.146042857142,signal,2026-04-06 14:00:00,2026-04-06 14:15:00,2026-04-06 13:55:00
-1,2026-04-06 11:55:00,asian,4684.645,2026-04-06 11:55:00,,,,,,,no_order_block,2026-04-06 18:55:00,2026-04-06 18:55:00,
-1,2026-04-06 12:10:00,asian,4686.837,2026-04-06 12:10:00,,,,,,,no_order_block,2026-04-06 19:10:00,2026-04-06 19:10:00,
-1,2026-04-06 12:50:00,asian,4681.22,2026-04-06 12:50:00,2026-04-06 12:45:00,4681.22,4676.006,,,,price_inside_zone,2026-04-06 19:50:00,2026-04-06 19:50:00,2026-04-06 19:45:00
-1,2026-04-06 13:45:00,asian,4679.02,2026-04-06 13:45:00,,,,,,,no_order_block,2026-04-06 20:45:00,2026-04-06 20:45:00,
-1,2026-04-06 14:00:00,asian,4690.928,2026-04-06 14:00:00,,,,,,,no_order_block,2026-04-06 21:00:00,2026-04-06 21:00:00,
-1,2026-04-07 10:45:00,asian,4666.566,2026-04-07 10:45:00,,,,,,,no_order_block,2026-04-07 17:45:00,2026-04-07 17:45:00,
-1,2026-04-07 12:10:00,asian,4664.898,2026-04-07 12:10:00,,,,,,,no_order_block,2026-04-07 19:10:00,2026-04-07 19:10:00,
-1,2026-04-07 12:40:00,asian,4664.803,2026-04-07 12:45:00,,,,,,,no_order_block,2026-04-07 19:40:00,2026-04-07 19:45:00,
1,2026-04-08 10:45:00,asian,4784.95,2026-04-08 10:45:00,,,,,,,no_order_block,2026-04-08 17:45:00,2026-04-08 17:45:00,
1,2026-04-08 11:05:00,asian,4779.582,2026-04-08 11:05:00,2026-04-08 11:00:00,4786.045,4779.582,4786.045,4778.861364285714,4800.412271428571,signal,2026-04-08 18:05:00,2026-04-08 18:05:00,2026-04-08 18:00:00
1,2026-04-08 11:25:00,asian,4782.443,2026-04-08 11:25:00,,,,,,,no_order_block,2026-04-08 18:25:00,2026-04-08 18:25:00,
1,2026-04-08 11:40:00,asian,4777.764,2026-04-08 11:40:00,2026-04-08 11:35:00,4788.34,4777.764,4788.34,4777.0124642857145,4810.9950714285715,signal,2026-04-08 18:40:00,2026-04-08 18:40:00,2026-04-08 18:35:00
1,2026-04-10 08:55:00,asian,4730.58,2026-04-10 09:15:00,2026-04-10 09:05:00,4746.22,4741.474,4746.22,4740.817064285715,4757.025871428571,signal,2026-04-10 15:55:00,2026-04-10 16:15:00,2026-04-10 16:05:00
-1,2026-04-13 08:35:00,asian,4736.312,2026-04-13 08:40:00,2026-04-13 08:30:00,4736.312,4730.674,4730.674,4736.842042857143,4718.337914285715,signal,2026-04-13 15:35:00,2026-04-13 15:40:00,2026-04-13 15:30:00
-1,2026-04-13 13:50:00,asian,4744.785,2026-04-13 15:00:00,2026-04-13 14:55:00,4720.146,4711.772,4711.772,4720.996185714285,4693.323628571429,signal,2026-04-13 20:50:00,2026-04-13 22:00:00,2026-04-13 21:55:00
1,2026-04-15 08:45:00,asian,4807.456,2026-04-15 08:50:00,,,,,,,no_order_block,2026-04-15 15:45:00,2026-04-15 15:50:00,
1,2026-04-15 08:55:00,asian,4810.783,2026-04-15 08:55:00,,,,,,,no_order_block,2026-04-15 15:55:00,2026-04-15 15:55:00,
1,2026-04-15 11:50:00,asian,4804.024,2026-04-15 11:50:00,,,,,,,no_order_block,2026-04-15 18:50:00,2026-04-15 18:50:00,
1,2026-04-15 12:05:00,asian,4807.103,2026-04-15 12:05:00,,,,,,,no_order_block,2026-04-15 19:05:00,2026-04-15 19:05:00,
1,2026-04-15 12:15:00,asian,4810.453,2026-04-15 12:15:00,,,,,,,no_order_block,2026-04-15 19:15:00,2026-04-15 19:15:00,
1,2026-04-15 12:25:00,asian,4809.987,2026-04-15 12:25:00,2026-04-15 12:25:00,4814.907,4810.749,,,,price_inside_zone,2026-04-15 19:25:00,2026-04-15 19:25:00,2026-04-15 19:25:00
1,2026-04-15 12:40:00,asian,4810.197,2026-04-15 12:40:00,2026-04-15 12:40:00,4814.244,4810.197,,,,price_inside_zone,2026-04-15 19:40:00,2026-04-15 19:40:00,2026-04-15 19:40:00
1,2026-04-15 12:50:00,asian,4808.195,2026-04-15 12:50:00,2026-04-15 12:45:00,4812.251,4808.195,4812.251,4807.706192857143,4821.340614285715,signal,2026-04-15 19:50:00,2026-04-15 19:50:00,2026-04-15 19:45:00
1,2026-04-15 13:00:00,asian,4808.429,2026-04-15 13:00:00,,,,,,,no_order_block,2026-04-15 20:00:00,2026-04-15 20:00:00,
1,2026-04-15 13:10:00,asian,4809.71,2026-04-15 13:10:00,,,,,,,no_order_block,2026-04-15 20:10:00,2026-04-15 20:10:00,
1,2026-04-15 13:20:00,asian,4809.879,2026-04-15 13:20:00,2026-04-15 13:15:00,4814.581,4809.879,4814.581,4809.392878571429,4824.957242857143,signal,2026-04-15 20:20:00,2026-04-15 20:20:00,2026-04-15 20:15:00
1,2026-04-16 10:55:00,asian,4808.652,2026-04-16 10:55:00,,,,,,,no_order_block,2026-04-16 17:55:00,2026-04-16 17:55:00,
1,2026-04-16 15:00:00,prev_day,4785.366,2026-04-16 15:05:00,2026-04-16 14:55:00,4791.586,4785.366,4791.586,4784.42475,4805.9085000000005,signal,2026-04-16 22:00:00,2026-04-16 22:05:00,2026-04-16 21:55:00
-1,2026-04-20 14:45:00,asian,4815.269,2026-04-20 14:55:00,,,,,,,no_order_block,2026-04-20 21:45:00,2026-04-20 21:55:00,
1,2026-04-21 07:05:00,asian,4772.647,2026-04-21 07:15:00,2026-04-21 07:00:00,4779.557,4772.647,4779.557,4772.082014285715,4794.50697142857,signal,2026-04-21 14:05:00,2026-04-21 14:15:00,2026-04-21 14:00:00
1,2026-04-21 12:35:00,asian,4766.569,2026-04-21 12:35:00,2026-04-21 12:35:00,4790.513,4779.814,,,,price_inside_zone,2026-04-21 19:35:00,2026-04-21 19:35:00,2026-04-21 19:35:00
1,2026-04-21 13:30:00,asian,4769.173,2026-04-21 13:35:00,,,,,,,no_order_block,2026-04-21 20:30:00,2026-04-21 20:35:00,
1,2026-04-21 13:40:00,asian,4770.228,2026-04-21 13:40:00,,,,,,,no_order_block,2026-04-21 20:40:00,2026-04-21 20:40:00,
1,2026-04-21 14:05:00,asian,4773.15,2026-04-21 14:05:00,,,,,,,no_order_block,2026-04-21 21:05:00,2026-04-21 21:05:00,
-1,2026-04-22 07:10:00,asian,4772.377,2026-04-22 07:45:00,2026-04-22 07:35:00,4766.671,4764.272,,,,sl_too_tight,2026-04-22 14:10:00,2026-04-22 14:45:00,2026-04-22 14:35:00
-1,2026-04-24 12:35:00,asian,4711.647,2026-04-24 12:40:00,2026-04-24 12:35:00,4707.267,4703.589,4703.589,4707.811042857143,4695.144914285715,signal,2026-04-24 19:35:00,2026-04-24 19:40:00,2026-04-24 19:35:00
-1,2026-04-24 13:50:00,asian,4717.579,2026-04-24 15:15:00,2026-04-24 15:05:00,4724.573,4718.84,,,,price_inside_zone,2026-04-24 20:50:00,2026-04-24 22:15:00,2026-04-24 22:05:00
1,2026-04-29 07:30:00,asian,4569.688,2026-04-29 08:50:00,2026-04-29 08:35:00,4563.366,4557.089,4563.366,4556.555371428572,4576.987257142857,signal,2026-04-29 14:30:00,2026-04-29 15:50:00,2026-04-29 15:35:00
