time_server,strategy,side,entry,sl,tp1,tp2,lots_tp1,lots_tp2,outcome
2025.06.02 12:30:00,pullback,1,3359.037,3344.043,0.000,0.000,0.00,0.00,no_room
2025.06.02 13:45:00,pullback,1,3363.587,3343.914,0.000,0.000,0.00,0.00,no_room
2025.06.03 12:15:00,pullback,-1,3353.305,0.000,0.000,0.000,0.00,0.00,against_bias
2025.06.03 14:00:00,pullback,-1,3349.030,3363.692,3331.968,3314.907,1.70,1.71,signal
2025.06.04 11:00:00,pullback,-1,3351.704,3365.468,0.000,0.000,0.00,0.00,no_room
2025.06.04 14:15:00,pullback,1,3362.827,0.000,0.000,0.000,0.00,0.00,against_bias
2025.06.05 08:45:00,pullback,1,3374.534,3360.763,0.000,0.000,0.00,0.00,no_room
2025.06.05 15:00:00,pullback,-1,3371.133,0.000,0.000,0.000,0.00,0.00,against_bias
2025.06.06 14:00:00,pullback,-1,3343.530,3365.166,0.000,0.000,0.00,0.00,no_room
2025.06.09 14:15:00,pullback,1,3322.432,0.000,0.000,0.000,0.00,0.00,against_bias
2025.06.09 15:30:00,pullback,1,3326.839,0.000,0.000,0.000,0.00,0.00,against_bias
2025.06.10 08:15:00,pullback,1,3331.322,0.000,0.000,0.000,0.00,0.00,against_bias
2025.06.10 10:30:00,pullback,1,3331.863,0.000,0.000,0.000,0.00,0.00,against_bias
2025.06.10 13:30:00,pullback,1,3342.587,0.000,0.000,0.000,0.00,0.00,against_bias
2025.06.10 15:15:00,pullback,-1,3328.200,0.000,0.000,0.000,0.00,0.00,against_bias
2025.06.11 08:00:00,pullback,1,3343.147,3332.050,0.000,0.000,0.00,0.00,no_room
2025.06.11 10:30:00,pullback,-1,3332.476,0.000,0.000,0.000,0.00,0.00,against_bias
2025.06.11 12:45:00,pullback,1,3348.531,3325.485,0.000,0.000,0.00,0.00,no_room
2025.06.12 07:45:00,pullback,-1,3365.254,0.000,0.000,0.000,0.00,0.00,against_bias
2025.06.12 10:30:00,pullback,1,3375.627,3337.718,0.000,0.000,0.00,0.00,no_room
2025.06.12 13:45:00,pullback,1,3388.581,3372.352,0.000,0.000,0.00,0.00,no_room
2025.06.13 12:45:00,pullback,1,3427.684,3410.991,0.000,0.000,0.00,0.00,no_room
2025.06.16 11:00:00,pullback,1,3419.502,3409.301,3434.544,3449.586,2.42,2.43,signal
2025.06.16 13:45:00,pullback,-1,3410.826,0.000,0.000,0.000,0.00,0.00,against_bias
2025.06.17 09:00:00,pullback,-1,3381.074,3392.442,0.000,0.000,0.00,0.00,no_room
2025.06.17 10:30:00,pullback,1,3391.923,0.000,0.000,0.000,0.00,0.00,against_bias
2025.06.17 14:45:00,pullback,-1,3383.522,3398.238,0.000,0.000,0.00,0.00,no_room
2025.06.18 10:30:00,pullback,-1,3377.037,3388.800,0.000,0.000,0.00,0.00,no_room
2025.06.18 12:45:00,pullback,1,3388.415,0.000,0.000,0.000,0.00,0.00,against_bias
2025.06.19 10:30:00,pullback,1,3375.326,0.000,0.000,0.000,0.00,0.00,against_bias
2025.06.19 13:30:00,pullback,-1,3363.784,3379.499,0.000,0.000,0.00,0.00,no_room
2025.06.20 09:30:00,pullback,1,3355.316,0.000,0.000,0.000,0.00,0.00,against_bias
2025.06.20 13:45:00,pullback,1,3359.224,0.000,0.000,0.000,0.00,0.00,against_bias
2025.06.23 08:30:00,pullback,1,3359.838,3351.168,0.000,0.000,0.00,0.00,no_room
2025.06.23 11:15:00,pullback,1,3368.980,3351.261,0.000,0.000,0.00,0.00,no_room
2025.06.23 15:30:00,pullback,1,3387.768,3355.082,0.000,0.000,0.00,0.00,no_room
2025.06.24 12:15:00,pullback,-1,3317.893,3329.424,0.000,0.000,0.00,0.00,no_room
2025.06.24 13:45:00,pullback,-1,3304.515,3329.649,0.000,0.000,0.00,0.00,no_room
2025.06.25 07:30:00,pullback,1,3333.742,0.000,0.000,0.000,0.00,0.00,against_bias
2025.06.25 09:15:00,pullback,-1,3326.754,3337.516,0.000,0.000,0.00,0.00,no_room
2025.06.25 12:45:00,pullback,-1,3321.426,3329.965,0.000,0.000,0.00,0.00,no_room
2025.06.26 11:45:00,pullback,-1,3337.838,0.000,0.000,0.000,0.00,0.00,against_bias
2025.06.27 11:45:00,pullback,-1,3282.072,3291.461,0.000,0.000,0.00,0.00,no_room
2025.06.30 11:30:00,pullback,-1,3277.453,0.000,0.000,0.000,0.00,0.00,against_bias
2025.06.30 16:00:00,pullback,1,3288.981,3277.410,0.000,0.000,0.00,0.00,no_room
2025.07.01 07:15:00,pullback,1,3332.368,3324.649,0.000,0.000,0.00,0.00,no_room
2025.07.01 15:15:00,pullback,-1,3344.518,0.000,0.000,0.000,0.00,0.00,against_bias
2025.07.02 11:00:00,pullback,1,3343.926,3332.510,0.000,0.000,0.00,0.00,no_room
2025.07.02 12:45:00,pullback,1,3347.752,3332.434,0.000,0.000,0.00,0.00,no_room
2025.07.02 14:00:00,pullback,-1,3337.733,0.000,0.000,0.000,0.00,0.00,against_bias
2025.07.03 09:30:00,pullback,-1,3351.678,0.000,0.000,0.000,0.00,0.00,against_bias
2025.07.03 12:45:00,pullback,-1,3343.772,0.000,0.000,0.000,0.00,0.00,against_bias
2025.07.04 07:30:00,pullback,-1,3338.371,3345.405,0.000,0.000,0.00,0.00,no_room
2025.07.04 09:45:00,pullback,-1,3336.384,3344.604,0.000,0.000,0.00,0.00,no_room
2025.07.07 08:00:00,pullback,-1,3305.231,3315.714,0.000,0.000,0.00,0.00,no_room
2025.07.07 10:45:00,pullback,-1,3306.103,3313.222,0.000,0.000,0.00,0.00,no_room
2025.07.07 13:30:00,pullback,1,3310.745,0.000,0.000,0.000,0.00,0.00,against_bias
2025.07.07 14:00:00,pullback,1,3312.723,0.000,0.000,0.000,0.00,0.00,against_bias
2025.07.08 07:15:00,pullback,1,3336.570,0.000,0.000,0.000,0.00,0.00,against_bias
2025.07.08 08:15:00,pullback,-1,3330.784,3339.879,0.000,0.000,0.00,0.00,no_room
2025.07.08 14:00:00,pullback,-1,3319.940,3330.356,0.000,0.000,0.00,0.00,no_room
2025.07.09 09:00:00,pullback,-1,3285.495,3296.475,0.000,0.000,0.00,0.00,no_room
2025.07.09 13:00:00,pullback,1,3295.989,0.000,0.000,0.000,0.00,0.00,against_bias
2025.07.10 07:15:00,pullback,1,3326.415,0.000,0.000,0.000,0.00,0.00,against_bias
2025.07.10 12:00:00,pullback,-1,3322.228,3330.683,0.000,0.000,0.00,0.00,no_room
2025.07.10 14:00:00,pullback,-1,3317.966,3329.997,0.000,0.000,0.00,0.00,no_room
2025.07.11 10:30:00,pullback,1,3343.804,3332.290,0.000,0.000,0.00,0.00,no_room
2025.07.11 14:45:00,pullback,1,3359.260,3343.786,0.000,0.000,0.00,0.00,no_room
2025.07.14 12:15:00,pullback,-1,3364.034,0.000,0.000,0.000,0.00,0.00,against_bias
2025.07.14 14:45:00,pullback,-1,3347.139,3359.645,0.000,0.000,0.00,0.00,no_room
2025.07.15 11:30:00,pullback,-1,3358.623,3366.741,0.000,0.000,0.00,0.00,no_room
2025.07.15 15:30:00,pullback,-1,3334.370,3352.918,0.000,0.000,0.00,0.00,no_room
2025.07.16 09:00:00,pullback,1,3342.002,0.000,0.000,0.000,0.00,0.00,against_bias
2025.07.16 11:00:00,pullback,-1,3335.931,3343.333,0.000,0.000,0.00,0.00,no_room
2025.07.16 13:45:00,pullback,-1,3333.720,3341.454,0.000,0.000,0.00,0.00,no_room
2025.07.16 15:15:00,pullback,1,3339.428,0.000,0.000,0.000,0.00,0.00,against_bias
2025.07.17 12:00:00,pullback,-1,3324.656,0.000,0.000,0.000,0.00,0.00,against_bias
2025.07.17 14:30:00,pullback,1,3328.636,0.000,0.000,0.000,0.00,0.00,against_bias
2025.07.18 09:15:00,pullback,1,3350.398,0.000,0.000,0.000,0.00,0.00,against_bias
2025.07.18 11:45:00,pullback,1,3354.882,0.000,0.000,0.000,0.00,0.00,against_bias
2025.07.21 11:15:00,pullback,1,3368.040,3362.446,0.000,0.000,0.00,0.00,no_room
2025.07.22 12:00:00,pullback,1,3390.658,3384.292,0.000,0.000,0.00,0.00,no_room
2025.07.23 09:15:00,pullback,1,3429.702,3419.471,0.000,0.000,0.00,0.00,no_room
2025.07.23 13:00:00,pullback,-1,3420.305,0.000,0.000,0.000,0.00,0.00,against_bias
2025.07.23 16:00:00,pullback,-1,3405.576,3420.480,3383.873,3362.171,1.64,1.64,signal
2025.07.23 16:30:00,pullback,-1,3405.576,0.000,3383.873,0.000,0.00,0.00,missed_move
2025.07.24 08:00:00,pullback,-1,3369.926,3386.530,0.000,0.000,0.00,0.00,no_room
2025.07.24 09:30:00,pullback,-1,3365.820,3386.534,0.000,0.000,0.00,0.00,no_room
2025.07.24 12:15:00,pullback,-1,3362.021,3367.552,0.000,0.000,0.00,0.00,no_room
2025.07.24 13:45:00,pullback,1,3365.514,0.000,0.000,0.000,0.00,0.00,against_bias
2025.07.25 07:45:00,pullback,-1,3354.664,3363.853,0.000,0.000,0.00,0.00,no_room
2025.07.25 11:00:00,pullback,-1,3343.037,3349.306,0.000,0.000,0.00,0.00,no_room
2025.07.25 14:45:00,pullback,-1,3336.331,3347.998,0.000,0.000,0.00,0.00,no_room
2025.07.28 08:00:00,pullback,-1,3335.755,3345.682,0.000,0.000,0.00,0.00,no_room
2025.07.28 12:15:00,pullback,-1,3334.166,3341.082,0.000,0.000,0.00,0.00,no_room
2025.07.29 08:15:00,pullback,1,3322.430,0.000,0.000,0.000,0.00,0.00,against_bias
2025.07.29 11:15:00,pullback,-1,3320.831,3328.690,0.000,0.000,0.00,0.00,no_room
2025.07.29 14:45:00,pullback,1,3324.530,0.000,0.000,0.000,0.00,0.00,against_bias
2025.07.30 09:00:00,pullback,1,3332.149,0.000,0.000,0.000,0.00,0.00,against_bias
2025.07.30 13:00:00,pullback,-1,3323.031,3332.386,0.000,0.000,0.00,0.00,no_room
2025.07.30 15:30:00,pullback,-1,3298.428,3332.586,0.000,0.000,0.00,0.00,no_room
2025.07.31 08:15:00,pullback,1,3304.837,0.000,0.000,0.000,0.00,0.00,against_bias
2025.07.31 11:00:00,pullback,-1,3298.013,3315.326,0.000,0.000,0.00,0.00,no_room
2025.08.01 07:45:00,pullback,-1,3290.080,3300.799,0.000,0.000,0.00,0.00,no_room
2025.08.01 09:00:00,pullback,1,3293.384,0.000,0.000,0.000,0.00,0.00,against_bias
2025.08.01 12:45:00,pullback,1,3303.104,0.000,0.000,0.000,0.00,0.00,against_bias
2025.08.04 11:15:00,pullback,1,3361.811,3352.564,0.000,0.000,0.00,0.00,no_room
2025.08.04 13:15:00,pullback,1,3371.527,3352.478,0.000,0.000,0.00,0.00,no_room
2025.08.05 07:30:00,pullback,1,3374.192,3367.397,0.000,0.000,0.00,0.00,no_room
2025.08.05 09:15:00,pullback,-1,3365.655,0.000,0.000,0.000,0.00,0.00,against_bias
2025.08.05 13:45:00,pullback,1,3375.531,3349.351,0.000,0.000,0.00,0.00,no_room
2025.08.06 07:30:00,pullback,-1,3370.645,0.000,0.000,0.000,0.00,0.00,against_bias
2025.08.06 11:30:00,pullback,1,3365.444,3357.711,0.000,0.000,0.00,0.00,no_room
2025.08.06 13:00:00,pullback,1,3367.015,3357.700,0.000,0.000,0.00,0.00,no_room
2025.08.07 11:00:00,pullback,-1,3373.255,0.000,0.000,0.000,0.00,0.00,against_bias
2025.08.07 12:45:00,pullback,1,3383.308,3371.206,0.000,0.000,0.00,0.00,no_room
2025.08.07 13:45:00,pullback,1,3389.798,3374.760,0.000,0.000,0.00,0.00,no_room
2025.08.08 07:45:00,pullback,1,3397.676,3388.263,0.000,0.000,0.00,0.00,no_room
2025.08.08 10:30:00,pullback,-1,3393.952,0.000,0.000,0.000,0.00,0.00,against_bias
2025.08.11 09:15:00,pullback,-1,3357.097,3366.342,0.000,0.000,0.00,0.00,no_room
2025.08.11 11:30:00,pullback,-1,3352.926,3364.328,0.000,0.000,0.00,0.00,no_room
2025.08.12 10:45:00,pullback,-1,3345.526,3358.612,0.000,0.000,0.00,0.00,no_room
2025.08.12 14:15:00,pullback,-1,3336.068,3358.833,0.000,0.000,0.00,0.00,no_room
2025.08.13 09:30:00,pullback,1,3361.004,3352.461,0.000,0.000,0.00,0.00,no_room
2025.08.13 14:00:00,pullback,1,3363.815,3352.413,0.000,0.000,0.00,0.00,no_room
2025.08.14 07:45:00,pullback,-1,3355.939,0.000,0.000,0.000,0.00,0.00,against_bias
2025.08.14 13:00:00,pullback,-1,3352.072,3358.830,0.000,0.000,0.00,0.00,no_room
2025.08.14 14:15:00,pullback,-1,3342.001,3358.976,0.000,0.000,0.00,0.00,no_room
2025.08.15 08:30:00,pullback,-1,3340.137,3349.135,0.000,0.000,0.00,0.00,no_room
2025.08.15 10:30:00,pullback,-1,3338.336,3345.339,0.000,0.000,0.00,0.00,no_room
2025.08.18 08:15:00,pullback,-1,3346.003,0.000,0.000,0.000,0.00,0.00,against_bias
2025.08.18 11:00:00,pullback,-1,3347.521,0.000,0.000,0.000,0.00,0.00,against_bias
2025.08.18 12:00:00,pullback,-1,3346.507,0.000,0.000,0.000,0.00,0.00,against_bias
2025.08.18 13:15:00,pullback,-1,3344.475,0.000,0.000,0.000,0.00,0.00,against_bias
2025.08.19 10:15:00,pullback,1,3341.821,3336.147,0.000,0.000,0.00,0.00,no_room
2025.08.19 12:15:00,pullback,-1,3336.871,0.000,0.000,0.000,0.00,0.00,against_bias
2025.08.19 15:00:00,pullback,-1,3325.685,3339.846,0.000,0.000,0.00,0.00,no_room
2025.08.20 11:15:00,pullback,1,3327.423,0.000,0.000,0.000,0.00,0.00,against_bias
2025.08.21 10:45:00,pullback,-1,3337.869,0.000,0.000,0.000,0.00,0.00,against_bias
2025.08.21 13:30:00,pullback,1,3342.210,3324.615,0.000,0.000,0.00,0.00,no_room
2025.08.22 07:15:00,pullback,1,3331.449,3326.939,0.000,0.000,0.00,0.00,no_room
2025.08.22 12:45:00,pullback,-1,3325.332,0.000,0.000,0.000,0.00,0.00,against_bias
2025.08.22 13:45:00,pullback,1,3331.752,0.000,0.000,0.000,0.00,0.00,against_bias
2025.08.25 09:15:00,pullback,-1,3363.028,0.000,0.000,0.000,0.00,0.00,against_bias
2025.08.25 11:45:00,pullback,1,3368.454,3361.703,0.000,0.000,0.00,0.00,no_room
2025.08.25 14:15:00,pullback,1,3371.514,3361.891,0.000,0.000,0.00,0.00,no_room
2025.08.26 15:15:00,pullback,1,3380.360,3369.952,0.000,0.000,0.00,0.00,no_room
2025.08.27 08:15:00,pullback,1,3381.954,3373.445,0.000,0.000,0.00,0.00,no_room
2025.08.27 15:00:00,pullback,1,3384.797,3375.124,0.000,0.000,0.00,0.00,no_room
2025.08.28 08:45:00,pullback,1,3397.696,3393.456,0.000,0.000,0.00,0.00,no_room
2025.08.28 11:30:00,pullback,1,3401.634,3393.577,0.000,0.000,0.00,0.00,no_room
2025.08.28 14:15:00,pullback,1,3408.791,3393.800,0.000,0.000,0.00,0.00,no_room
2025.08.29 08:15:00,pullback,1,3412.653,3406.678,0.000,0.000,0.00,0.00,no_room
2025.08.29 10:30:00,pullback,-1,3406.554,0.000,0.000,0.000,0.00,0.00,against_bias
2025.08.29 13:00:00,pullback,1,3414.879,3404.027,0.000,0.000,0.00,0.00,no_room
2025.09.01 07:30:00,pullback,-1,3472.186,0.000,0.000,0.000,0.00,0.00,against_bias
2025.09.01 13:15:00,pullback,1,3473.451,3466.676,3487.001,3500.552,3.61,3.62,signal
2025.09.02 10:45:00,pullback,1,3481.435,3469.667,0.000,0.000,0.00,0.00,no_room
2025.09.02 12:45:00,pullback,-1,3478.517,0.000,0.000,0.000,0.00,0.00,against_bias
2025.09.02 14:15:00,pullback,1,3494.072,3473.407,0.000,0.000,0.00,0.00,no_room
2025.09.03 08:30:00,pullback,1,3537.409,3528.865,3546.524,3555.639,2.95,2.95,signal
2025.09.04 08:15:00,pullback,1,3541.655,3523.922,0.000,0.000,0.00,0.00,no_room
2025.09.04 12:15:00,pullback,1,3547.001,3536.056,3568.890,3590.779,2.34,2.34,signal
2025.09.05 08:00:00,pullback,-1,3548.259,0.000,0.000,0.000,0.00,0.00,against_bias
2025.09.05 12:45:00,pullback,1,3555.201,3547.286,0.000,0.000,0.00,0.00,no_room
2025.09.05 14:00:00,pullback,1,3586.859,3547.012,3666.552,3746.246,0.63,0.64,signal
2025.09.23 08:30:00,pullback,1,3758.769,3748.432,0.000,0.000,0.00,0.00,no_room
2025.09.23 11:30:00,pullback,1,3787.865,3748.244,3867.108,3946.351,0.65,0.66,signal
2025.09.25 07:45:00,pullback,1,3748.362,0.000,0.000,0.000,0.00,0.00,against_bias
2025.09.25 11:15:00,pullback,-1,3750.386,0.000,0.000,0.000,0.00,0.00,against_bias
2025.09.25 13:00:00,pullback,-1,3741.100,0.000,0.000,0.000,0.00,0.00,against_bias
2025.09.26 10:45:00,pullback,-1,3747.225,0.000,0.000,0.000,0.00,0.00,against_bias
2025.09.26 13:15:00,pullback,1,3755.015,3742.391,0.000,0.000,0.00,0.00,no_room
2025.09.29 11:30:00,pullback,1,3819.751,3805.968,3847.316,3874.881,1.87,1.87,signal
2025.09.30 13:00:00,pullback,1,3817.839,3792.391,3868.734,3919.630,1.01,1.02,signal
2025.10.06 08:15:00,pullback,1,3945.205,3921.663,3992.288,4039.372,1.13,1.13,signal
2025.10.08 10:00:00,pullback,1,4040.498,4020.721,4080.052,4119.606,1.39,1.39,signal
2025.10.09 11:00:00,pullback,1,4042.082,0.000,0.000,0.000,0.00,0.00,against_bias
2025.10.09 13:00:00,pullback,1,4046.758,0.000,0.000,0.000,0.00,0.00,against_bias
2025.10.09 13:45:00,pullback,-1,4033.459,4047.531,0.000,0.000,0.00,0.00,no_room
2025.10.10 08:15:00,pullback,1,3977.909,0.000,0.000,0.000,0.00,0.00,against_bias
2025.10.10 12:00:00,pullback,-1,3990.729,0.000,0.000,0.000,0.00,0.00,against_bias
2025.10.10 14:00:00,pullback,-1,3983.165,0.000,0.000,0.000,0.00,0.00,against_bias
2025.10.10 15:15:00,pullback,1,3998.208,3969.479,0.000,0.000,0.00,0.00,no_room
2025.10.13 09:00:00,pullback,1,4077.490,4059.004,4114.461,4151.433,1.47,1.47,signal
2025.10.14 12:30:00,pullback,-1,4121.822,0.000,0.000,0.000,0.00,0.00,against_bias
2025.10.15 14:15:00,pullback,1,4204.284,4175.087,0.000,0.000,0.00,0.00,no_room
2025.10.16 10:00:00,pullback,1,4235.933,4202.811,0.000,0.000,0.00,0.00,no_room
2025.10.17 07:30:00,pullback,-1,4342.105,0.000,0.000,0.000,0.00,0.00,against_bias
2025.10.17 10:45:00,pullback,-1,4332.263,0.000,0.000,0.000,0.00,0.00,against_bias
2025.10.17 14:00:00,pullback,-1,4283.516,4322.504,0.000,0.000,0.00,0.00,no_room
2025.10.20 11:45:00,pullback,1,4263.693,0.000,0.000,0.000,0.00,0.00,against_bias
2025.10.20 15:00:00,pullback,1,4327.142,4291.028,4376.976,4426.810,0.77,0.78,signal
2025.10.20 20:00:00,pullback,1,4327.142,0.000,4376.976,0.000,0.00,0.00,missed_move
2025.10.21 07:45:00,pullback,-1,4317.151,0.000,0.000,0.000,0.00,0.00,against_bias
2025.10.21 12:15:00,pullback,-1,4249.266,0.000,0.000,0.000,0.00,0.00,against_bias
2025.10.22 08:15:00,pullback,-1,4129.293,4162.922,0.000,0.000,0.00,0.00,no_room
2025.10.22 10:45:00,pullback,-1,4058.638,4163.833,0.000,0.000,0.00,0.00,no_room
2025.10.22 15:00:00,pullback,-1,4023.050,4087.554,0.000,0.000,0.00,0.00,no_room
2025.10.23 13:00:00,pullback,1,4125.442,4100.565,0.000,0.000,0.00,0.00,no_room
2025.10.24 08:00:00,pullback,-1,4081.392,0.000,0.000,0.000,0.00,0.00,against_bias
2025.10.24 12:45:00,pullback,1,4073.618,0.000,0.000,0.000,0.00,0.00,against_bias
2025.10.27 09:00:00,pullback,-1,4053.805,4085.731,0.000,0.000,0.00,0.00,no_room
2025.10.27 11:45:00,pullback,-1,4023.351,4086.176,0.000,0.000,0.00,0.00,no_room
2025.10.27 14:15:00,pullback,-1,4015.396,4051.622,0.000,0.000,0.00,0.00,no_room
2025.10.28 10:45:00,pullback,1,3911.022,0.000,0.000,0.000,0.00,0.00,against_bias
2025.10.28 13:30:00,pullback,1,3929.977,0.000,0.000,0.000,0.00,0.00,against_bias
2025.10.29 13:15:00,pullback,-1,4013.390,0.000,0.000,0.000,0.00,0.00,against_bias
2025.10.29 16:00:00,pullback,-1,4002.475,0.000,0.000,0.000,0.00,0.00,against_bias
2025.10.30 09:15:00,pullback,1,3977.241,3954.672,0.000,0.000,0.00,0.00,no_room
2025.10.30 13:00:00,pullback,-1,3964.005,0.000,0.000,0.000,0.00,0.00,against_bias
2025.10.30 14:00:00,pullback,1,3985.603,3958.768,0.000,0.000,0.00,0.00,no_room
2025.10.31 12:30:00,pullback,1,4016.816,4000.963,0.000,0.000,0.00,0.00,no_room
2025.11.03 09:30:00,pullback,-1,4011.152,4028.638,0.000,0.000,0.00,0.00,no_room
2025.11.03 15:15:00,pullback,1,4025.981,0.000,0.000,0.000,0.00,0.00,against_bias
2025.11.04 08:30:00,pullback,1,3999.345,0.000,0.000,0.000,0.00,0.00,against_bias
2025.11.04 13:00:00,pullback,-1,3985.919,4000.801,0.000,0.000,0.00,0.00,no_room
2025.11.05 08:15:00,pullback,1,3973.594,0.000,0.000,0.000,0.00,0.00,against_bias
2025.11.06 12:00:00,pullback,1,4016.818,4003.782,0.000,0.000,0.00,0.00,no_room
2025.11.06 14:30:00,pullback,-1,4002.899,0.000,0.000,0.000,0.00,0.00,against_bias
2025.11.07 09:15:00,pullback,1,4010.016,4002.374,4019.090,4028.163,3.66,3.67,signal
2025.11.07 11:30:00,pullback,-1,4002.893,0.000,0.000,0.000,0.00,0.00,against_bias
2025.11.07 14:45:00,pullback,-1,3991.464,0.000,0.000,0.000,0.00,0.00,against_bias
2025.11.10 12:00:00,pullback,1,4083.514,4075.134,4100.274,4117.034,3.31,3.31,signal
2025.11.10 13:15:00,pullback,1,4083.514,0.000,4100.274,0.000,0.00,0.00,missed_move
2025.11.11 09:15:00,pullback,1,4137.880,4124.190,0.000,0.000,0.00,0.00,no_room
2025.11.11 13:00:00,pullback,-1,4136.799,0.000,0.000,0.000,0.00,0.00,against_bias
2025.11.11 14:30:00,pullback,-1,4133.217,0.000,0.000,0.000,0.00,0.00,against_bias
2025.11.12 08:30:00,pullback,1,4125.318,4098.146,0.000,0.000,0.00,0.00,no_room
2025.11.12 12:30:00,pullback,1,4131.034,4117.436,0.000,0.000,0.00,0.00,no_room
2025.11.12 15:15:00,pullback,1,4139.537,4121.849,0.000,0.000,0.00,0.00,no_room
2025.11.13 08:00:00,pullback,1,4217.746,4202.572,0.000,0.000,0.00,0.00,no_room
2025.11.13 11:30:00,pullback,-1,4224.944,0.000,0.000,0.000,0.00,0.00,against_bias
2025.11.13 13:00:00,pullback,1,4240.261,4218.590,0.000,0.000,0.00,0.00,no_room
2025.11.13 14:30:00,pullback,-1,4219.380,0.000,0.000,0.000,0.00,0.00,against_bias
2025.11.14 11:15:00,pullback,-1,4158.836,4187.895,0.000,0.000,0.00,0.00,no_room
2025.11.14 16:00:00,pullback,1,4083.906,0.000,0.000,0.000,0.00,0.00,against_bias
2025.11.17 08:00:00,pullback,1,4088.000,0.000,0.000,0.000,0.00,0.00,against_bias
2025.11.17 11:00:00,pullback,-1,4072.079,4096.810,0.000,0.000,0.00,0.00,no_room
2025.11.18 07:30:00,pullback,-1,4004.878,4026.032,0.000,0.000,0.00,0.00,no_room
2025.11.18 08:45:00,pullback,1,4025.227,0.000,0.000,0.000,0.00,0.00,against_bias
2025.11.18 11:30:00,pullback,1,4047.210,0.000,0.000,0.000,0.00,0.00,against_bias
2025.11.18 13:45:00,pullback,1,4050.503,0.000,0.000,0.000,0.00,0.00,against_bias
2025.11.19 08:15:00,pullback,-1,4084.857,0.000,0.000,0.000,0.00,0.00,against_bias
2025.11.19 09:45:00,pullback,1,4097.000,4077.425,0.000,0.000,0.00,0.00,no_room
2025.11.19 13:15:00,pullback,-1,4106.488,0.000,0.000,0.000,0.00,0.00,against_bias
2025.11.19 15:00:00,pullback,1,4120.010,4099.741,0.000,0.000,0.00,0.00,no_room
2025.11.19 16:00:00,pullback,-1,4101.844,0.000,0.000,0.000,0.00,0.00,against_bias
2025.11.20 08:15:00,pullback,-1,4058.673,0.000,0.000,0.000,0.00,0.00,against_bias
2025.11.20 12:30:00,pullback,1,4072.779,4050.291,0.000,0.000,0.00,0.00,no_room
2025.11.21 12:45:00,pullback,1,4046.888,0.000,0.000,0.000,0.00,0.00,against_bias
2025.11.24 07:45:00,pullback,1,4058.140,4039.092,0.000,0.000,0.00,0.00,no_room
2025.11.24 09:15:00,pullback,1,4067.620,4039.113,0.000,0.000,0.00,0.00,no_room
2025.11.24 12:45:00,pullback,1,4077.254,4062.498,0.000,0.000,0.00,0.00,no_room
2025.11.24 15:15:00,pullback,1,4086.043,4064.806,0.000,0.000,0.00,0.00,no_room
2025.11.25 07:30:00,pullback,-1,4139.453,0.000,0.000,0.000,0.00,0.00,against_bias
2025.11.25 13:15:00,pullback,1,4137.378,4108.324,0.000,0.000,0.00,0.00,no_room
2025.11.26 11:45:00,pullback,1,4165.209,4155.537,0.000,0.000,0.00,0.00,no_room
2025.11.26 13:00:00,pullback,-1,4156.121,0.000,0.000,0.000,0.00,0.00,against_bias
2025.11.26 14:15:00,pullback,-1,4148.767,0.000,0.000,0.000,0.00,0.00,against_bias
2025.11.27 13:15:00,pullback,-1,4152.288,0.000,0.000,0.000,0.00,0.00,against_bias
2025.11.27 15:30:00,pullback,1,4160.722,4152.256,0.000,0.000,0.00,0.00,no_room
2025.11.28 14:00:00,pullback,1,4179.919,4168.028,4192.368,4204.817,2.33,2.33,signal
2025.11.28 14:30:00,pullback,1,4179.919,0.000,4192.368,0.000,0.00,0.00,missed_move
2025.12.01 08:15:00,pullback,1,4246.989,4214.593,0.000,0.000,0.00,0.00,no_room
2025.12.01 10:15:00,pullback,1,4253.529,4237.754,0.000,0.000,0.00,0.00,no_room
2025.12.01 13:45:00,pullback,1,4258.420,4243.585,0.000,0.000,0.00,0.00,no_room
2025.12.01 14:45:00,pullback,-1,4244.276,0.000,0.000,0.000,0.00,0.00,against_bias
2025.12.02 09:30:00,pullback,-1,4207.135,4220.167,0.000,0.000,0.00,0.00,no_room
2025.12.02 14:15:00,pullback,1,4215.271,0.000,0.000,0.000,0.00,0.00,against_bias
2025.12.02 15:30:00,pullback,-1,4202.061,4231.860,0.000,0.000,0.00,0.00,no_room
2025.12.03 07:30:00,pullback,-1,4203.227,4225.958,0.000,0.000,0.00,0.00,no_room
2025.12.03 09:15:00,pullback,-1,4199.985,4225.966,0.000,0.000,0.00,0.00,no_room
2025.12.03 10:15:00,pullback,-1,4196.979,4210.840,0.000,0.000,0.00,0.00,no_room
2025.12.03 11:30:00,pullback,1,4204.853,0.000,0.000,0.000,0.00,0.00,against_bias
2025.12.04 09:00:00,pullback,-1,4186.434,4199.751,0.000,0.000,0.00,0.00,no_room
2025.12.04 09:45:00,pullback,1,4196.387,0.000,0.000,0.000,0.00,0.00,against_bias
2025.12.04 12:30:00,pullback,-1,4196.630,4207.113,0.000,0.000,0.00,0.00,no_room
2025.12.04 14:30:00,pullback,1,4206.523,0.000,0.000,0.000,0.00,0.00,against_bias
2025.12.05 13:30:00,pullback,1,4229.697,4219.513,0.000,0.000,0.00,0.00,no_room
2025.12.08 11:00:00,pullback,-1,4204.090,0.000,0.000,0.000,0.00,0.00,against_bias
2025.12.08 11:45:00,pullback,1,4212.766,4203.537,0.000,0.000,0.00,0.00,no_room
2025.12.08 14:45:00,pullback,-1,4199.622,0.000,0.000,0.000,0.00,0.00,against_bias
2025.12.09 08:15:00,pullback,1,4185.866,0.000,0.000,0.000,0.00,0.00,against_bias
2025.12.09 14:15:00,pullback,-1,4198.515,0.000,0.000,0.000,0.00,0.00,against_bias
2025.12.09 16:00:00,pullback,1,4210.295,4188.514,0.000,0.000,0.00,0.00,no_room
2025.12.10 08:15:00,pullback,-1,4203.094,0.000,0.000,0.000,0.00,0.00,against_bias
2025.12.10 13:45:00,pullback,1,4202.310,4187.282,0.000,0.000,0.00,0.00,no_room
2025.12.10 15:00:00,pullback,-1,4192.922,0.000,0.000,0.000,0.00,0.00,against_bias
2025.12.11 10:15:00,pullback,1,4219.628,4209.832,0.000,0.000,0.00,0.00,no_room
2025.12.11 12:00:00,pullback,-1,4211.732,0.000,0.000,0.000,0.00,0.00,against_bias
2025.12.11 14:15:00,pullback,1,4225.931,4204.544,0.000,0.000,0.00,0.00,no_room
2025.12.12 13:45:00,pullback,1,4339.355,4265.331,0.000,0.000,0.00,0.00,no_room
2025.12.12 15:00:00,pullback,1,4346.176,4320.453,4377.687,4409.199,1.07,1.08,signal
2025.12.12 15:30:00,pullback,-1,4321.322,0.000,0.000,0.000,0.00,0.00,against_bias
2025.12.15 09:15:00,pullback,1,4347.588,4333.120,0.000,0.000,0.00,0.00,no_room
2025.12.15 14:00:00,pullback,-1,4335.333,0.000,0.000,0.000,0.00,0.00,against_bias
2025.12.16 08:30:00,pullback,-1,4279.496,4292.747,0.000,0.000,0.00,0.00,no_room
2025.12.16 12:30:00,pullback,1,4289.537,0.000,0.000,0.000,0.00,0.00,against_bias
2025.12.17 07:45:00,pullback,-1,4320.474,0.000,0.000,0.000,0.00,0.00,against_bias
2025.12.17 12:30:00,pullback,1,4320.590,4305.938,0.000,0.000,0.00,0.00,no_room
2025.12.18 08:15:00,pullback,-1,4330.022,0.000,0.000,0.000,0.00,0.00,against_bias
2025.12.18 12:30:00,pullback,-1,4320.584,4329.086,4306.856,4293.128,3.23,3.23,signal
2025.12.18 13:45:00,pullback,1,4328.683,0.000,0.000,0.000,0.00,0.00,against_bias
2025.12.18 14:45:00,pullback,-1,4314.495,4343.925,0.000,0.000,0.00,0.00,no_room
2025.12.19 13:15:00,pullback,1,4329.534,4320.123,0.000,0.000,0.00,0.00,no_room
2025.12.19 15:15:00,pullback,1,4335.440,4319.831,0.000,0.000,0.00,0.00,no_room
2025.12.22 13:15:00,pullback,1,4415.950,4405.683,0.000,0.000,0.00,0.00,no_room
2025.12.22 16:00:00,pullback,1,4429.383,4405.270,4477.609,4525.835,1.12,1.13,signal
2025.12.24 08:00:00,pullback,-1,4485.393,0.000,0.000,0.000,0.00,0.00,against_bias
2025.12.24 13:30:00,pullback,-1,4483.082,0.000,0.000,0.000,0.00,0.00,against_bias
2025.12.24 15:00:00,pullback,-1,4474.508,4490.186,0.000,0.000,0.00,0.00,no_room
2025.12.26 10:30:00,pullback,1,4520.637,0.000,0.000,0.000,0.00,0.00,against_bias
2025.12.26 11:15:00,pullback,-1,4511.850,4524.422,4486.706,4461.562,2.22,2.23,signal
2025.12.26 14:00:00,pullback,1,4523.858,0.000,0.000,0.000,0.00,0.00,against_bias
2025.12.29 12:00:00,pullback,-1,4452.543,4477.369,0.000,0.000,0.00,0.00,no_room
2025.12.29 13:45:00,pullback,-1,4434.210,4468.818,0.000,0.000,0.00,0.00,no_room
2025.12.30 08:30:00,pullback,-1,4359.177,4380.984,0.000,0.000,0.00,0.00,no_room
2025.12.30 10:30:00,pullback,1,4376.425,0.000,0.000,0.000,0.00,0.00,against_bias
2025.12.30 12:15:00,pullback,1,4391.783,0.000,0.000,0.000,0.00,0.00,against_bias
2025.12.30 13:45:00,pullback,-1,4381.208,4392.611,4358.402,4335.596,2.43,2.43,signal
2025.12.31 09:45:00,pullback,1,4335.193,0.000,0.000,0.000,0.00,0.00,against_bias
2025.12.31 14:00:00,pullback,1,4337.374,0.000,0.000,0.000,0.00,0.00,against_bias
2026.01.02 08:00:00,pullback,1,4381.780,4370.390,4403.706,4425.631,2.50,2.51,signal
2026.01.05 08:30:00,pullback,1,4426.559,4400.562,4478.553,4530.547,1.08,1.09,signal
2026.01.05 14:15:00,pullback,1,4418.988,4410.035,0.000,0.000,0.00,0.00,no_room
2026.01.06 08:30:00,pullback,1,4470.422,4448.666,4496.593,4522.763,1.28,1.29,signal
2026.01.06 14:45:00,pullback,1,4476.002,4453.147,0.000,0.000,0.00,0.00,no_room
2026.01.07 11:45:00,pullback,-1,4458.660,0.000,0.000,0.000,0.00,0.00,against_bias
2026.01.07 15:15:00,pullback,-1,4427.809,0.000,0.000,0.000,0.00,0.00,against_bias
2026.01.08 12:00:00,pullback,-1,4422.964,0.000,0.000,0.000,0.00,0.00,against_bias
2026.01.08 15:15:00,pullback,1,4436.309,4417.741,0.000,0.000,0.00,0.00,no_room
2026.01.09 12:45:00,pullback,-1,4467.193,0.000,0.000,0.000,0.00,0.00,against_bias
2026.01.09 13:45:00,pullback,1,4480.629,4460.059,0.000,0.000,0.00,0.00,no_room
2026.01.12 08:00:00,pullback,1,4585.100,4568.932,0.000,0.000,0.00,0.00,no_room
2026.01.12 11:30:00,pullback,-1,4585.878,0.000,0.000,0.000,0.00,0.00,against_bias
2026.01.12 13:15:00,pullback,1,4595.436,4577.665,0.000,0.000,0.00,0.00,no_room
2026.01.12 15:45:00,pullback,1,4620.453,4583.614,4694.131,4767.808,0.75,0.75,signal
2026.01.13 13:00:00,pullback,1,4592.030,4579.804,0.000,0.000,0.00,0.00,no_room
2026.01.14 13:00:00,pullback,1,4638.190,4625.301,0.000,0.000,0.00,0.00,no_room
2026.01.14 14:45:00,pullback,-1,4624.312,0.000,0.000,0.000,0.00,0.00,against_bias
2026.01.15 09:45:00,pullback,1,4607.150,0.000,0.000,0.000,0.00,0.00,against_bias
2026.01.15 13:45:00,pullback,-1,4597.807,4623.669,0.000,0.000,0.00,0.00,no_room
2026.01.16 11:30:00,pullback,1,4611.170,0.000,0.000,0.000,0.00,0.00,against_bias
2026.01.16 13:15:00,pullback,-1,4598.593,4616.756,0.000,0.000,0.00,0.00,no_room
2026.01.16 15:30:00,pullback,-1,4582.677,4617.448,0.000,0.000,0.00,0.00,no_room
2026.01.19 10:45:00,pullback,-1,4661.683,0.000,0.000,0.000,0.00,0.00,against_bias
2026.01.19 12:00:00,pullback,-1,4661.280,0.000,0.000,0.000,0.00,0.00,against_bias
2026.01.19 12:45:00,pullback,1,4671.257,4659.043,0.000,0.000,0.00,0.00,no_room
2026.01.19 16:00:00,pullback,1,4673.707,4660.993,0.000,0.000,0.00,0.00,no_room
2026.01.20 07:30:00,pullback,1,4717.125,4664.778,4821.818,4926.511,0.52,0.52,signal
2026.01.23 08:00:00,pullback,-1,4945.514,0.000,0.000,0.000,0.00,0.00,against_bias
2026.01.23 12:15:00,pullback,1,4932.392,4910.928,4966.496,5000.600,1.31,1.32,signal
2026.01.26 07:30:00,pullback,1,5093.104,5050.862,5177.587,5262.070,0.68,0.68,signal
2026.01.27 12:00:00,pullback,-1,5081.890,5100.468,5055.395,5028.899,1.54,1.54,signal
2026.01.28 11:15:00,pullback,-1,5262.838,0.000,0.000,0.000,0.00,0.00,against_bias
2026.01.29 08:45:00,pullback,-1,5516.108,0.000,0.000,0.000,0.00,0.00,against_bias
2026.01.29 12:15:00,pullback,1,5529.684,5468.683,0.000,0.000,0.00,0.00,no_room
2026.01.29 14:30:00,pullback,1,5542.958,5498.113,0.000,0.000,0.00,0.00,no_room
2026.01.29 15:00:00,pullback,-1,5500.230,0.000,0.000,0.000,0.00,0.00,against_bias
2026.01.30 07:45:00,pullback,-1,5150.709,5244.930,0.000,0.000,0.00,0.00,no_room
2026.01.30 08:45:00,pullback,-1,5117.625,5245.817,0.000,0.000,0.00,0.00,no_room
2026.01.30 13:00:00,pullback,-1,5089.698,5150.550,0.000,0.000,0.00,0.00,no_room
2026.02.02 10:00:00,pullback,1,4713.526,0.000,0.000,0.000,0.00,0.00,against_bias
2026.02.02 11:15:00,pullback,1,4734.034,0.000,0.000,0.000,0.00,0.00,against_bias
2026.02.02 16:00:00,pullback,-1,4669.435,4800.041,0.000,0.000,0.00,0.00,no_room
2026.02.03 13:45:00,pullback,1,4936.130,4890.169,0.000,0.000,0.00,0.00,no_room
2026.02.04 10:30:00,pullback,-1,5050.960,0.000,0.000,0.000,0.00,0.00,against_bias
2026.02.04 11:30:00,pullback,-1,5041.431,0.000,0.000,0.000,0.00,0.00,against_bias
2026.02.04 14:45:00,pullback,-1,5023.009,0.000,0.000,0.000,0.00,0.00,against_bias
2026.02.05 09:15:00,pullback,-1,4895.729,4946.314,0.000,0.000,0.00,0.00,no_room
2026.02.05 12:15:00,pullback,-1,4847.059,4897.369,0.000,0.000,0.00,0.00,no_room
2026.02.06 11:15:00,pullback,1,4882.402,0.000,0.000,0.000,0.00,0.00,against_bias
2026.02.06 13:15:00,pullback,1,4903.470,0.000,0.000,0.000,0.00,0.00,against_bias
2026.02.06 15:00:00,pullback,1,4938.358,4868.755,0.000,0.000,0.00,0.00,no_room
2026.02.09 08:00:00,pullback,-1,5007.181,0.000,0.000,0.000,0.00,0.00,against_bias
2026.02.09 10:30:00,pullback,-1,4997.144,0.000,0.000,0.000,0.00,0.00,against_bias
2026.02.09 14:45:00,pullback,1,5024.652,4993.530,0.000,0.000,0.00,0.00,no_room
2026.02.10 08:45:00,pullback,1,5045.465,5017.115,0.000,0.000,0.00,0.00,no_room
2026.02.10 12:45:00,pullback,-1,5036.991,0.000,0.000,0.000,0.00,0.00,against_bias
2026.02.10 14:30:00,pullback,1,5057.373,5018.002,0.000,0.000,0.00,0.00,no_room
2026.02.10 15:45:00,pullback,-1,5019.349,0.000,0.000,0.000,0.00,0.00,against_bias
2026.02.11 10:30:00,pullback,1,5069.162,5044.772,0.000,0.000,0.00,0.00,no_room
2026.02.12 09:15:00,pullback,1,5073.527,5045.910,0.000,0.000,0.00,0.00,no_room
2026.02.12 13:00:00,pullback,-1,5056.133,0.000,0.000,0.000,0.00,0.00,against_bias
2026.02.12 15:00:00,pullback,-1,5048.745,5084.976,0.000,0.000,0.00,0.00,no_room
2026.02.13 11:00:00,pullback,-1,4961.545,4990.878,0.000,0.000,0.00,0.00,no_room
2026.02.13 13:45:00,pullback,1,4980.764,0.000,0.000,0.000,0.00,0.00,against_bias
2026.02.16 08:00:00,pullback,1,5003.106,4963.600,0.000,0.000,0.00,0.00,no_room
2026.02.16 09:30:00,pullback,1,5013.397,4994.838,0.000,0.000,0.00,0.00,no_room
2026.02.16 12:15:00,pullback,-1,4998.695,0.000,0.000,0.000,0.00,0.00,against_bias
2026.02.16 14:30:00,pullback,-1,4992.714,0.000,0.000,0.000,0.00,0.00,against_bias
2026.02.17 10:15:00,pullback,1,4930.276,0.000,0.000,0.000,0.00,0.00,against_bias
2026.02.17 12:30:00,pullback,1,4939.200,0.000,0.000,0.000,0.00,0.00,against_bias
2026.02.17 14:00:00,pullback,-1,4907.584,4945.825,0.000,0.000,0.00,0.00,no_room
2026.02.18 08:45:00,pullback,-1,4924.876,4943.104,4900.265,4875.654,1.57,1.57,signal
2026.02.18 14:45:00,pullback,1,4969.126,4905.036,0.000,0.000,0.00,0.00,no_room
2026.02.19 09:30:00,pullback,-1,5006.100,0.000,0.000,0.000,0.00,0.00,against_bias
2026.02.19 13:45:00,pullback,1,4992.810,4976.956,0.000,0.000,0.00,0.00,no_room
2026.02.19 14:15:00,pullback,-1,4977.969,0.000,0.000,0.000,0.00,0.00,against_bias
2026.02.19 15:00:00,pullback,1,4998.466,4970.347,0.000,0.000,0.00,0.00,no_room
2026.02.20 09:15:00,pullback,1,5030.213,5004.088,0.000,0.000,0.00,0.00,no_room
2026.02.20 12:00:00,pullback,-1,5019.358,0.000,0.000,0.000,0.00,0.00,against_bias
2026.02.20 14:00:00,pullback,1,5038.416,5006.039,0.000,0.000,0.00,0.00,no_room
2026.02.23 11:00:00,pullback,1,5161.745,5121.145,0.000,0.000,0.00,0.00,no_room
2026.02.23 12:45:00,pullback,1,5163.504,5121.253,0.000,0.000,0.00,0.00,no_room
2026.02.23 14:45:00,pullback,1,5165.520,5144.668,0.000,0.000,0.00,0.00,no_room
2026.02.24 12:30:00,pullback,-1,5163.130,0.000,0.000,0.000,0.00,0.00,against_bias
2026.02.25 10:30:00,pullback,-1,5176.193,5198.126,5145.503,5114.813,1.29,1.30,signal
2026.02.25 15:15:00,pullback,1,5191.347,0.000,0.000,0.000,0.00,0.00,against_bias
2026.02.26 07:15:00,pullback,-1,5189.673,5206.364,5156.291,5122.908,1.68,1.68,signal
2026.02.27 13:15:00,pullback,1,5190.610,0.000,0.000,0.000,0.00,0.00,against_bias
2026.03.02 13:30:00,pullback,1,5400.956,5373.484,0.000,0.000,0.00,0.00,no_room
2026.03.02 14:15:00,pullback,-1,5381.687,0.000,0.000,0.000,0.00,0.00,against_bias
2026.03.03 09:30:00,pullback,-1,5278.988,0.000,0.000,0.000,0.00,0.00,against_bias
2026.03.03 11:15:00,pullback,-1,5225.856,5338.631,0.000,0.000,0.00,0.00,no_room
2026.03.03 14:45:00,pullback,-1,5072.780,5231.434,0.000,0.000,0.00,0.00,no_room
2026.03.04 07:45:00,pullback,1,5168.105,0.000,0.000,0.000,0.00,0.00,against_bias
2026.03.04 09:45:00,pullback,1,5176.029,0.000,0.000,0.000,0.00,0.00,against_bias
2026.03.04 15:00:00,pullback,-1,5156.185,0.000,0.000,0.000,0.00,0.00,against_bias
2026.03.05 09:15:00,pullback,1,5172.791,5135.829,0.000,0.000,0.00,0.00,no_room
2026.03.05 12:15:00,pullback,1,5167.939,5145.072,0.000,0.000,0.00,0.00,no_room
2026.03.05 13:30:00,pullback,-1,5146.110,0.000,0.000,0.000,0.00,0.00,against_bias
2026.03.05 15:45:00,pullback,-1,5081.271,5174.154,0.000,0.000,0.00,0.00,no_room
2026.03.06 08:30:00,pullback,-1,5105.578,5142.433,0.000,0.000,0.00,0.00,no_room
2026.03.06 13:45:00,pullback,1,5099.666,0.000,0.000,0.000,0.00,0.00,against_bias
2026.03.06 15:15:00,pullback,1,5130.716,0.000,0.000,0.000,0.00,0.00,against_bias
2026.03.09 09:15:00,pullback,1,5110.739,0.000,0.000,0.000,0.00,0.00,against_bias
2026.03.09 11:30:00,pullback,-1,5086.947,5133.980,0.000,0.000,0.00,0.00,no_room
2026.03.09 13:45:00,pullback,-1,5079.249,5113.276,0.000,0.000,0.00,0.00,no_room
2026.03.09 14:45:00,pullback,1,5111.368,0.000,0.000,0.000,0.00,0.00,against_bias
2026.03.10 08:30:00,pullback,1,5181.088,5157.553,0.000,0.000,0.00,0.00,no_room
2026.03.10 13:15:00,pullback,1,5191.855,5161.409,0.000,0.000,0.00,0.00,no_room
2026.03.10 15:45:00,pullback,1,5228.778,5183.394,0.000,0.000,0.00,0.00,no_room
2026.03.11 07:45:00,pullback,-1,5191.680,0.000,0.000,0.000,0.00,0.00,against_bias
2026.03.11 13:00:00,pullback,-1,5177.186,0.000,0.000,0.000,0.00,0.00,against_bias
2026.03.12 07:45:00,pullback,1,5175.209,0.000,0.000,0.000,0.00,0.00,against_bias
2026.03.12 12:15:00,pullback,-1,5174.372,5192.430,0.000,0.000,0.00,0.00,no_room
2026.03.12 13:45:00,pullback,-1,5163.331,5192.692,0.000,0.000,0.00,0.00,no_room
2026.03.13 12:00:00,pullback,1,5098.513,0.000,0.000,0.000,0.00,0.00,against_bias
2026.03.13 14:45:00,pullback,-1,5079.746,5123.155,0.000,0.000,0.00,0.00,no_room
2026.03.13 16:00:00,pullback,-1,5035.216,5123.816,0.000,0.000,0.00,0.00,no_room
2026.03.16 07:30:00,pullback,-1,5003.253,5036.982,0.000,0.000,0.00,0.00,no_room
2026.03.16 13:45:00,pullback,1,5022.751,0.000,0.000,0.000,0.00,0.00,against_bias
2026.03.16 15:30:00,pullback,-1,4992.081,5039.488,0.000,0.000,0.00,0.00,no_room
2026.03.17 10:15:00,pullback,-1,5004.927,5030.448,0.000,0.000,0.00,0.00,no_room
2026.03.17 13:45:00,pullback,1,5023.702,0.000,0.000,0.000,0.00,0.00,against_bias
2026.03.17 15:30:00,pullback,-1,4999.294,5032.828,0.000,0.000,0.00,0.00,no_room
2026.03.18 11:00:00,pullback,-1,4977.068,4996.409,0.000,0.000,0.00,0.00,no_room
2026.03.19 10:30:00,pullback,-1,4686.753,4728.869,0.000,0.000,0.00,0.00,no_room
2026.03.20 10:30:00,pullback,-1,4661.238,4736.536,0.000,0.000,0.00,0.00,no_room
2026.03.20 14:00:00,pullback,-1,4636.897,4697.839,0.000,0.000,0.00,0.00,no_room
2026.03.23 11:15:00,pullback,1,4308.365,0.000,0.000,0.000,0.00,0.00,against_bias
2026.03.23 13:00:00,pullback,1,4463.475,0.000,0.000,0.000,0.00,0.00,against_bias
2026.03.23 16:00:00,pullback,-1,4401.331,4517.595,0.000,0.000,0.00,0.00,no_room
2026.03.24 11:00:00,pullback,1,4432.507,0.000,0.000,0.000,0.00,0.00,against_bias
2026.03.24 12:45:00,pullback,-1,4375.292,4444.737,0.000,0.000,0.00,0.00,no_room
2026.03.25 08:30:00,pullback,1,4563.329,4531.654,4599.740,4636.152,0.89,0.89,signal
2026.03.25 11:30:00,pullback,1,4567.800,4526.103,0.000,0.000,0.00,0.00,no_room
2026.03.26 14:30:00,pullback,1,4456.844,0.000,0.000,0.000,0.00,0.00,against_bias
2026.03.27 10:45:00,pullback,-1,4420.699,4476.388,0.000,0.000,0.00,0.00,no_room
2026.03.27 14:15:00,pullback,1,4445.377,0.000,0.000,0.000,0.00,0.00,against_bias
2026.03.30 11:30:00,pullback,1,4540.670,4522.654,0.000,0.000,0.00,0.00,no_room
2026.03.30 14:00:00,pullback,-1,4525.415,0.000,0.000,0.000,0.00,0.00,against_bias
2026.03.31 10:45:00,pullback,-1,4550.108,0.000,0.000,0.000,0.00,0.00,against_bias
2026.03.31 11:30:00,pullback,1,4575.052,4527.881,0.000,0.000,0.00,0.00,no_room
2026.03.31 14:00:00,pullback,1,4597.676,4565.841,0.000,0.000,0.00,0.00,no_room
2026.04.01 11:30:00,pullback,1,4740.440,4711.836,4797.647,4854.855,0.97,0.98,signal
2026.04.02 11:45:00,pullback,-1,4603.817,4636.865,0.000,0.000,0.00,0.00,no_room
2026.04.02 13:15:00,pullback,-1,4592.669,4632.104,0.000,0.000,0.00,0.00,no_room
2026.04.02 14:00:00,pullback,1,4630.244,0.000,0.000,0.000,0.00,0.00,against_bias
2026.04.06 08:00:00,pullback,1,4667.858,0.000,0.000,0.000,0.00,0.00,against_bias
2026.04.06 12:00:00,pullback,-1,4684.652,4697.745,0.000,0.000,0.00,0.00,no_room
2026.04.07 08:15:00,pullback,1,4657.144,0.000,0.000,0.000,0.00,0.00,against_bias
2026.04.07 11:15:00,pullback,-1,4636.637,4696.392,0.000,0.000,0.00,0.00,no_room
2026.04.07 14:15:00,pullback,-1,4628.606,4672.642,0.000,0.000,0.00,0.00,no_room
2026.04.08 09:45:00,pullback,-1,4790.155,0.000,0.000,0.000,0.00,0.00,against_bias
2026.04.08 14:30:00,pullback,-1,4768.354,0.000,0.000,0.000,0.00,0.00,against_bias
2026.04.09 10:30:00,pullback,1,4733.403,4702.205,0.000,0.000,0.00,0.00,no_room
2026.04.09 13:45:00,pullback,1,4759.897,4733.709,4799.193,4838.490,1.07,1.07,signal
2026.04.10 09:00:00,pullback,-1,4741.217,0.000,0.000,0.000,0.00,0.00,against_bias
2026.04.10 11:30:00,pullback,1,4760.681,4741.396,4799.251,4837.820,1.46,1.46,signal
2026.04.13 09:15:00,pullback,-1,4720.804,4740.954,4698.931,4677.058,1.38,1.38,signal
2026.04.14 10:45:00,pullback,-1,4771.366,0.000,0.000,0.000,0.00,0.00,against_bias
2026.04.14 13:45:00,pullback,1,4788.094,4760.909,0.000,0.000,0.00,0.00,no_room
2026.04.15 09:30:00,pullback,-1,4804.376,0.000,0.000,0.000,0.00,0.00,against_bias
2026.04.15 13:30:00,pullback,1,4820.956,4785.243,0.000,0.000,0.00,0.00,no_room
2026.04.16 08:15:00,pullback,-1,4814.098,0.000,0.000,0.000,0.00,0.00,against_bias
2026.04.16 12:00:00,pullback,1,4817.874,4804.338,0.000,0.000,0.00,0.00,no_room
2026.04.16 14:00:00,pullback,-1,4811.351,0.000,0.000,0.000,0.00,0.00,against_bias
2026.04.17 08:45:00,pullback,1,4794.828,4777.839,0.000,0.000,0.00,0.00,no_room
2026.04.17 12:15:00,pullback,1,4801.041,4781.442,0.000,0.000,0.00,0.00,no_room
2026.04.20 07:15:00,pullback,1,4795.820,0.000,0.000,0.000,0.00,0.00,against_bias
2026.04.20 10:30:00,pullback,1,4797.970,0.000,0.000,0.000,0.00,0.00,against_bias
2026.04.20 12:00:00,pullback,1,4801.067,0.000,0.000,0.000,0.00,0.00,against_bias
2026.04.20 13:30:00,pullback,1,4822.201,0.000,0.000,0.000,0.00,0.00,against_bias
2026.04.21 11:45:00,pullback,1,4789.746,4780.309,0.000,0.000,0.00,0.00,no_room
2026.04.21 13:15:00,pullback,-1,4775.128,0.000,0.000,0.000,0.00,0.00,against_bias
2026.04.21 14:45:00,pullback,-1,4760.249,0.000,0.000,0.000,0.00,0.00,against_bias
2026.04.22 10:15:00,pullback,-1,4751.758,4772.984,0.000,0.000,0.00,0.00,no_room
2026.04.22 13:00:00,pullback,-1,4745.709,4761.617,0.000,0.000,0.00,0.00,no_room
2026.04.22 14:45:00,pullback,-1,4736.311,4761.900,0.000,0.000,0.00,0.00,no_room
2026.04.23 09:15:00,pullback,-1,4703.214,4725.903,0.000,0.000,0.00,0.00,no_room
2026.04.23 10:15:00,pullback,-1,4694.749,4725.907,0.000,0.000,0.00,0.00,no_room
2026.04.23 12:15:00,pullback,1,4725.019,0.000,0.000,0.000,0.00,0.00,against_bias
2026.04.24 08:00:00,pullback,1,4688.160,0.000,0.000,0.000,0.00,0.00,against_bias
2026.04.24 11:15:00,pullback,1,4696.703,0.000,0.000,0.000,0.00,0.00,against_bias
2026.04.24 14:15:00,pullback,1,4717.411,4673.200,0.000,0.000,0.00,0.00,no_room
2026.04.27 09:00:00,pullback,-1,4708.643,0.000,0.000,0.000,0.00,0.00,against_bias
2026.04.27 12:45:00,pullback,-1,4699.931,0.000,0.000,0.000,0.00,0.00,against_bias
2026.04.28 09:45:00,pullback,-1,4614.607,4636.408,0.000,0.000,0.00,0.00,no_room
2026.04.28 11:00:00,pullback,-1,4604.516,4636.312,0.000,0.000,0.00,0.00,no_room
2026.04.29 10:00:00,pullback,-1,4557.089,4608.673,0.000,0.000,0.00,0.00,no_room
2026.04.29 13:00:00,pullback,-1,4551.411,4577.448,0.000,0.000,0.00,0.00,no_room
